IND_ID,IND_CODE,IND_UUID,IND_PER_CODE,DIM_TIME,DIM_TIME_TYPE,DIM_GEO_CODE_M49,DIM_GEO_CODE_TYPE,DIM_PUBLISH_STATE_CODE,IND_NAME,GEO_NAME_SHORT,RATE_PER_100_N
5DD9606AMR_INFECT_MRSA,AMR_INFECT_MRSA,5DD9606,AMR_INFECT_MRSA,2018,YEAR,528,COUNTRY,PUBLISHED,MRSA infections,Netherlands (Kingdom of the),1.2
5DD9606AMR_INFECT_MRSA,AMR_INFECT_MRSA,5DD9606,AMR_INFECT_MRSA,2018,YEAR,566,COUNTRY,PUBLISHED,MRSA infections,Nigeria,65.8
5DD9606AMR_INFECT_MRSA,AMR_INFECT_MRSA,5DD9606,AMR_INFECT_MRSA,2018,YEAR,578,COUNTRY,PUBLISHED,MRSA infections,Norway,0.9
5DD9606AMR_INFECT_MRSA,AMR_INFECT_MRSA,5DD9606,AMR_INFECT_MRSA,2018,YEAR,586,COUNTRY,PUBLISHED,MRSA infections,Pakistan,28.6
5DD9606AMR_INFECT_MRSA,AMR_INFECT_MRSA,5DD9606,AMR_INFECT_MRSA,2018,YEAR,608,COUNTRY,PUBLISHED,MRSA infections,Philippines,55.4
5DD9606AMR_INFECT_MRSA,AMR_INFECT_MRSA,5DD9606,AMR_INFECT_MRSA,2018,YEAR,616,COUNTRY,PUBLISHED,MRSA infections,Poland,15.9
5DD9606AMR_INFECT_MRSA,AMR_INFECT_MRSA,5DD9606,AMR_INFECT_MRSA,2018,YEAR,643,COUNTRY,PUBLISHED,MRSA infections,Russian Federation,14.0
5DD9606AMR_INFECT_MRSA,AMR_INFECT_MRSA,5DD9606,AMR_INFECT_MRSA,2018,YEAR,682,COUNTRY,PUBLISHED,MRSA infections,Saudi Arabia,46.5
5DD9606AMR_INFECT_MRSA,AMR_INFECT_MRSA,5DD9606,AMR_INFECT_MRSA,2018,YEAR,710,COUNTRY,PUBLISHED,MRSA infections,South Africa,24.6
5DD9606AMR_INFECT_MRSA,AMR_INFECT_MRSA,5DD9606,AMR_INFECT_MRSA,2018,YEAR,729,COUNTRY,PUBLISHED,MRSA infections,Sudan,52.2
5DD9606AMR_INFECT_MRSA,AMR_INFECT_MRSA,5DD9606,AMR_INFECT_MRSA,2018,YEAR,752,COUNTRY,PUBLISHED,MRSA infections,Sweden,1.9
5DD9606AMR_INFECT_MRSA,AMR_INFECT_MRSA,5DD9606,AMR_INFECT_MRSA,2018,YEAR,756,COUNTRY,PUBLISHED,MRSA infections,Switzerland,5.8
5DD9606AMR_INFECT_MRSA,AMR_INFECT_MRSA,5DD9606,AMR_INFECT_MRSA,2018,YEAR,764,COUNTRY,PUBLISHED,MRSA infections,Thailand,11.3
5DD9606AMR_INFECT_MRSA,AMR_INFECT_MRSA,5DD9606,AMR_INFECT_MRSA,2018,YEAR,784,COUNTRY,PUBLISHED,MRSA infections,United Arab Emirates,23.7
5DD9606AMR_INFECT_MRSA,AMR_INFECT_MRSA,5DD9606,AMR_INFECT_MRSA,2018,YEAR,788,COUNTRY,PUBLISHED,MRSA infections,Tunisia,21.1
5DD9606AMR_INFECT_MRSA,AMR_INFECT_MRSA,5DD9606,AMR_INFECT_MRSA,2018,YEAR,807,COUNTRY,PUBLISHED,MRSA infections,North Macedonia,53.5
5DD9606AMR_INFECT_MRSA,AMR_INFECT_MRSA,5DD9606,AMR_INFECT_MRSA,2018,YEAR,818,COUNTRY,PUBLISHED,MRSA infections,Egypt,70.4
5DD9606AMR_INFECT_MRSA,AMR_INFECT_MRSA,5DD9606,AMR_INFECT_MRSA,2018,YEAR,826,COUNTRY,PUBLISHED,MRSA infections,United Kingdom of Great Britain and Northern Ireland,7.3
5DD9606AMR_INFECT_MRSA,AMR_INFECT_MRSA,5DD9606,AMR_INFECT_MRSA,2019,YEAR,001,GLOBAL,PUBLISHED,MRSA infections,World,21.7
5DD9606AMR_INFECT_MRSA,AMR_INFECT_MRSA,5DD9606,AMR_INFECT_MRSA,2019,YEAR,032,COUNTRY,PUBLISHED,MRSA infections,Argentina,42.03
5DD9606AMR_INFECT_MRSA,AMR_INFECT_MRSA,5DD9606,AMR_INFECT_MRSA,2019,YEAR,036,COUNTRY,PUBLISHED,MRSA infections,Australia,18.47
5DD9606AMR_INFECT_MRSA,AMR_INFECT_MRSA,5DD9606,AMR_INFECT_MRSA,2019,YEAR,040,COUNTRY,PUBLISHED,MRSA infections,Austria,5.26
5DD9606AMR_INFECT_MRSA,AMR_INFECT_MRSA,5DD9606,AMR_INFECT_MRSA,2019,YEAR,048,COUNTRY,PUBLISHED,MRSA infections,Bahrain,40.0
5DD9606AMR_INFECT_MRSA,AMR_INFECT_MRSA,5DD9606,AMR_INFECT_MRSA,2019,YEAR,064,COUNTRY,PUBLISHED,MRSA infections,Bhutan,20.79
5DD9606AMR_INFECT_MRSA,AMR_INFECT_MRSA,5DD9606,AMR_INFECT_MRSA,2019,YEAR,070,COUNTRY,PUBLISHED,MRSA infections,Bosnia and Herzegovina,10.55
5DD9606AMR_INFECT_MRSA,AMR_INFECT_MRSA,5DD9606,AMR_INFECT_MRSA,2019,YEAR,076,COUNTRY,PUBLISHED,MRSA infections,Brazil,20.56
5DD9606AMR_INFECT_MRSA,AMR_INFECT_MRSA,5DD9606,AMR_INFECT_MRSA,2019,YEAR,096,COUNTRY,PUBLISHED,MRSA infections,Brunei Darussalam,12.3
5DD9606AMR_INFECT_MRSA,AMR_INFECT_MRSA,5DD9606,AMR_INFECT_MRSA,2019,YEAR,104,COUNTRY,PUBLISHED,MRSA infections,Myanmar,55.61
5DD9606AMR_INFECT_MRSA,AMR_INFECT_MRSA,5DD9606,AMR_INFECT_MRSA,2019,YEAR,144,COUNTRY,PUBLISHED,MRSA infections,Sri Lanka,55.99
5DD9606AMR_INFECT_MRSA,AMR_INFECT_MRSA,5DD9606,AMR_INFECT_MRSA,2019,YEAR,191,COUNTRY,PUBLISHED,MRSA infections,Croatia,24.86
5DD9606AMR_INFECT_MRSA,AMR_INFECT_MRSA,5DD9606,AMR_INFECT_MRSA,2019,YEAR,196,COUNTRY,PUBLISHED,MRSA infections,Cyprus,100.0
5DD9606AMR_INFECT_MRSA,AMR_INFECT_MRSA,5DD9606,AMR_INFECT_MRSA,2019,YEAR,203,COUNTRY,PUBLISHED,MRSA infections,Czechia,12.52
5DD9606AMR_INFECT_MRSA,AMR_INFECT_MRSA,5DD9606,AMR_INFECT_MRSA,2019,YEAR,246,COUNTRY,PUBLISHED,MRSA infections,Finland,2.07
5DD9606AMR_INFECT_MRSA,AMR_INFECT_MRSA,5DD9606,AMR_INFECT_MRSA,2019,YEAR,250,COUNTRY,PUBLISHED,MRSA infections,France,12.52
5DD9606AMR_INFECT_MRSA,AMR_INFECT_MRSA,5DD9606,AMR_INFECT_MRSA,2019,YEAR,268,COUNTRY,PUBLISHED,MRSA infections,Georgia,12.52
5DD9606AMR_INFECT_MRSA,AMR_INFECT_MRSA,5DD9606,AMR_INFECT_MRSA,2019,YEAR,275,NATIONAL LIBERATION MOVEMENT,PUBLISHED,MRSA infections,"occupied Palestinian territory, including east Jerusalem",81.78
5DD9606AMR_INFECT_MRSA,AMR_INFECT_MRSA,5DD9606,AMR_INFECT_MRSA,2019,YEAR,276,COUNTRY,PUBLISHED,MRSA infections,Germany,6.8
5DD9606AMR_INFECT_MRSA,AMR_INFECT_MRSA,5DD9606,AMR_INFECT_MRSA,2019,YEAR,300,COUNTRY,PUBLISHED,MRSA infections,Greece,43.41
5DD9606AMR_INFECT_MRSA,AMR_INFECT_MRSA,5DD9606,AMR_INFECT_MRSA,2019,YEAR,356,COUNTRY,PUBLISHED,MRSA infections,India,60.61
5DD9606AMR_INFECT_MRSA,AMR_INFECT_MRSA,5DD9606,AMR_INFECT_MRSA,2019,YEAR,360,COUNTRY,PUBLISHED,MRSA infections,Indonesia,39.85
5DD9606AMR_INFECT_MRSA,AMR_INFECT_MRSA,5DD9606,AMR_INFECT_MRSA,2019,YEAR,364,COUNTRY,PUBLISHED,MRSA infections,Iran (Islamic Republic of),39.08
5DD9606AMR_INFECT_MRSA,AMR_INFECT_MRSA,5DD9606,AMR_INFECT_MRSA,2019,YEAR,372,COUNTRY,PUBLISHED,MRSA infections,Ireland,14.96
5DD9606AMR_INFECT_MRSA,AMR_INFECT_MRSA,5DD9606,AMR_INFECT_MRSA,2019,YEAR,380,COUNTRY,PUBLISHED,MRSA infections,Italy,38.75
5DD9606AMR_INFECT_MRSA,AMR_INFECT_MRSA,5DD9606,AMR_INFECT_MRSA,2019,YEAR,392,COUNTRY,PUBLISHED,MRSA infections,Japan,36.42
5DD9606AMR_INFECT_MRSA,AMR_INFECT_MRSA,5DD9606,AMR_INFECT_MRSA,2019,YEAR,400,COUNTRY,PUBLISHED,MRSA infections,Jordan,72.39
5DD9606AMR_INFECT_MRSA,AMR_INFECT_MRSA,5DD9606,AMR_INFECT_MRSA,2019,YEAR,410,COUNTRY,PUBLISHED,MRSA infections,Republic of Korea,48.61
5DD9606AMR_INFECT_MRSA,AMR_INFECT_MRSA,5DD9606,AMR_INFECT_MRSA,2019,YEAR,418,COUNTRY,PUBLISHED,MRSA infections,Lao People's Democratic Republic,6.06
5DD9606AMR_INFECT_MRSA,AMR_INFECT_MRSA,5DD9606,AMR_INFECT_MRSA,2019,YEAR,422,COUNTRY,PUBLISHED,MRSA infections,Lebanon,25.0
5DD9606AMR_INFECT_MRSA,AMR_INFECT_MRSA,5DD9606,AMR_INFECT_MRSA,2019,YEAR,428,COUNTRY,PUBLISHED,MRSA infections,Latvia,12.28
5DD9606AMR_INFECT_MRSA,AMR_INFECT_MRSA,5DD9606,AMR_INFECT_MRSA,2019,YEAR,440,COUNTRY,PUBLISHED,MRSA infections,Lithuania,9.3
5DD9606AMR_INFECT_MRSA,AMR_INFECT_MRSA,5DD9606,AMR_INFECT_MRSA,2019,YEAR,442,COUNTRY,PUBLISHED,MRSA infections,Luxembourg,6.22
5DD9606AMR_INFECT_MRSA,AMR_INFECT_MRSA,5DD9606,AMR_INFECT_MRSA,2019,YEAR,450,COUNTRY,PUBLISHED,MRSA infections,Madagascar,33.33
5DD9606AMR_INFECT_MRSA,AMR_INFECT_MRSA,5DD9606,AMR_INFECT_MRSA,2019,YEAR,458,COUNTRY,PUBLISHED,MRSA infections,Malaysia,19.53
5DD9606AMR_INFECT_MRSA,AMR_INFECT_MRSA,5DD9606,AMR_INFECT_MRSA,2019,YEAR,466,COUNTRY,PUBLISHED,MRSA infections,Mali,2.5
5DD9606AMR_INFECT_MRSA,AMR_INFECT_MRSA,5DD9606,AMR_INFECT_MRSA,2019,YEAR,470,COUNTRY,PUBLISHED,MRSA infections,Malta,22.08
5DD9606AMR_INFECT_MRSA,AMR_INFECT_MRSA,5DD9606,AMR_INFECT_MRSA,2019,YEAR,508,COUNTRY,PUBLISHED,MRSA infections,Mozambique,10.34
5DD9606AMR_INFECT_MRSA,AMR_INFECT_MRSA,5DD9606,AMR_INFECT_MRSA,2017,YEAR,458,COUNTRY,PUBLISHED,MRSA infections,Malaysia,21.9
5DD9606AMR_INFECT_MRSA,AMR_INFECT_MRSA,5DD9606,AMR_INFECT_MRSA,2017,YEAR,470,COUNTRY,PUBLISHED,MRSA infections,Malta,43.3
5DD9606AMR_INFECT_MRSA,AMR_INFECT_MRSA,5DD9606,AMR_INFECT_MRSA,2017,YEAR,512,COUNTRY,PUBLISHED,MRSA infections,Oman,41.1
5DD9606AMR_INFECT_MRSA,AMR_INFECT_MRSA,5DD9606,AMR_INFECT_MRSA,2017,YEAR,528,COUNTRY,PUBLISHED,MRSA infections,Netherlands (Kingdom of the),1.5
5DD9606AMR_INFECT_MRSA,AMR_INFECT_MRSA,5DD9606,AMR_INFECT_MRSA,2017,YEAR,566,COUNTRY,PUBLISHED,MRSA infections,Nigeria,62.8
5DD9606AMR_INFECT_MRSA,AMR_INFECT_MRSA,5DD9606,AMR_INFECT_MRSA,2017,YEAR,578,COUNTRY,PUBLISHED,MRSA infections,Norway,1.0
5DD9606AMR_INFECT_MRSA,AMR_INFECT_MRSA,5DD9606,AMR_INFECT_MRSA,2017,YEAR,586,COUNTRY,PUBLISHED,MRSA infections,Pakistan,62.7
5DD9606AMR_INFECT_MRSA,AMR_INFECT_MRSA,5DD9606,AMR_INFECT_MRSA,2017,YEAR,608,COUNTRY,PUBLISHED,MRSA infections,Philippines,58.1
5DD9606AMR_INFECT_MRSA,AMR_INFECT_MRSA,5DD9606,AMR_INFECT_MRSA,2017,YEAR,616,COUNTRY,PUBLISHED,MRSA infections,Poland,15.2
5DD9606AMR_INFECT_MRSA,AMR_INFECT_MRSA,5DD9606,AMR_INFECT_MRSA,2017,YEAR,643,COUNTRY,PUBLISHED,MRSA infections,Russian Federation,16.5
5DD9606AMR_INFECT_MRSA,AMR_INFECT_MRSA,5DD9606,AMR_INFECT_MRSA,2017,YEAR,682,COUNTRY,PUBLISHED,MRSA infections,Saudi Arabia,33.1
5DD9606AMR_INFECT_MRSA,AMR_INFECT_MRSA,5DD9606,AMR_INFECT_MRSA,2017,YEAR,710,COUNTRY,PUBLISHED,MRSA infections,South Africa,23.8
5DD9606AMR_INFECT_MRSA,AMR_INFECT_MRSA,5DD9606,AMR_INFECT_MRSA,2017,YEAR,752,COUNTRY,PUBLISHED,MRSA infections,Sweden,1.2
5DD9606AMR_INFECT_MRSA,AMR_INFECT_MRSA,5DD9606,AMR_INFECT_MRSA,2017,YEAR,756,COUNTRY,PUBLISHED,MRSA infections,Switzerland,4.7
5DD9606AMR_INFECT_MRSA,AMR_INFECT_MRSA,5DD9606,AMR_INFECT_MRSA,2017,YEAR,764,COUNTRY,PUBLISHED,MRSA infections,Thailand,16.7
5DD9606AMR_INFECT_MRSA,AMR_INFECT_MRSA,5DD9606,AMR_INFECT_MRSA,2017,YEAR,784,COUNTRY,PUBLISHED,MRSA infections,United Arab Emirates,34.1
5DD9606AMR_INFECT_MRSA,AMR_INFECT_MRSA,5DD9606,AMR_INFECT_MRSA,2017,YEAR,788,COUNTRY,PUBLISHED,MRSA infections,Tunisia,21.6
5DD9606AMR_INFECT_MRSA,AMR_INFECT_MRSA,5DD9606,AMR_INFECT_MRSA,2017,YEAR,800,COUNTRY,PUBLISHED,MRSA infections,Uganda,13.0
5DD9606AMR_INFECT_MRSA,AMR_INFECT_MRSA,5DD9606,AMR_INFECT_MRSA,2017,YEAR,807,COUNTRY,PUBLISHED,MRSA infections,North Macedonia,54.4
5DD9606AMR_INFECT_MRSA,AMR_INFECT_MRSA,5DD9606,AMR_INFECT_MRSA,2017,YEAR,826,COUNTRY,PUBLISHED,MRSA infections,United Kingdom of Great Britain and Northern Ireland,6.9
5DD9606AMR_INFECT_MRSA,AMR_INFECT_MRSA,5DD9606,AMR_INFECT_MRSA,2018,YEAR,001,GLOBAL,PUBLISHED,MRSA infections,World,23.1
5DD9606AMR_INFECT_MRSA,AMR_INFECT_MRSA,5DD9606,AMR_INFECT_MRSA,2018,YEAR,032,COUNTRY,PUBLISHED,MRSA infections,Argentina,42.5
5DD9606AMR_INFECT_MRSA,AMR_INFECT_MRSA,5DD9606,AMR_INFECT_MRSA,2018,YEAR,040,COUNTRY,PUBLISHED,MRSA infections,Austria,6.4
5DD9606AMR_INFECT_MRSA,AMR_INFECT_MRSA,5DD9606,AMR_INFECT_MRSA,2018,YEAR,048,COUNTRY,PUBLISHED,MRSA infections,Bahrain,35.5
5DD9606AMR_INFECT_MRSA,AMR_INFECT_MRSA,5DD9606,AMR_INFECT_MRSA,2018,YEAR,070,COUNTRY,PUBLISHED,MRSA infections,Bosnia and Herzegovina,16.3
5DD9606AMR_INFECT_MRSA,AMR_INFECT_MRSA,5DD9606,AMR_INFECT_MRSA,2018,YEAR,076,COUNTRY,PUBLISHED,MRSA infections,Brazil,11.1
5DD9606AMR_INFECT_MRSA,AMR_INFECT_MRSA,5DD9606,AMR_INFECT_MRSA,2018,YEAR,104,COUNTRY,PUBLISHED,MRSA infections,Myanmar,74.1
5DD9606AMR_INFECT_MRSA,AMR_INFECT_MRSA,5DD9606,AMR_INFECT_MRSA,2018,YEAR,116,COUNTRY,PUBLISHED,MRSA infections,Cambodia,48.8
5DD9606AMR_INFECT_MRSA,AMR_INFECT_MRSA,5DD9606,AMR_INFECT_MRSA,2018,YEAR,191,COUNTRY,PUBLISHED,MRSA infections,Croatia,26.4
5DD9606AMR_INFECT_MRSA,AMR_INFECT_MRSA,5DD9606,AMR_INFECT_MRSA,2018,YEAR,196,COUNTRY,PUBLISHED,MRSA infections,Cyprus,40.2
5DD9606AMR_INFECT_MRSA,AMR_INFECT_MRSA,5DD9606,AMR_INFECT_MRSA,2018,YEAR,203,COUNTRY,PUBLISHED,MRSA infections,Czechia,13.6
5DD9606AMR_INFECT_MRSA,AMR_INFECT_MRSA,5DD9606,AMR_INFECT_MRSA,2018,YEAR,246,COUNTRY,PUBLISHED,MRSA infections,Finland,2.0
5DD9606AMR_INFECT_MRSA,AMR_INFECT_MRSA,5DD9606,AMR_INFECT_MRSA,2018,YEAR,250,COUNTRY,PUBLISHED,MRSA infections,France,12.1
5DD9606AMR_INFECT_MRSA,AMR_INFECT_MRSA,5DD9606,AMR_INFECT_MRSA,2018,YEAR,268,COUNTRY,PUBLISHED,MRSA infections,Georgia,11.6
5DD9606AMR_INFECT_MRSA,AMR_INFECT_MRSA,5DD9606,AMR_INFECT_MRSA,2018,YEAR,276,COUNTRY,PUBLISHED,MRSA infections,Germany,7.6
5DD9606AMR_INFECT_MRSA,AMR_INFECT_MRSA,5DD9606,AMR_INFECT_MRSA,2018,YEAR,300,COUNTRY,PUBLISHED,MRSA infections,Greece,36.4
5DD9606AMR_INFECT_MRSA,AMR_INFECT_MRSA,5DD9606,AMR_INFECT_MRSA,2018,YEAR,356,COUNTRY,PUBLISHED,MRSA infections,India,63.1
5DD9606AMR_INFECT_MRSA,AMR_INFECT_MRSA,5DD9606,AMR_INFECT_MRSA,2018,YEAR,360,COUNTRY,PUBLISHED,MRSA infections,Indonesia,52.3
5DD9606AMR_INFECT_MRSA,AMR_INFECT_MRSA,5DD9606,AMR_INFECT_MRSA,2018,YEAR,364,COUNTRY,PUBLISHED,MRSA infections,Iran (Islamic Republic of),38.5
5DD9606AMR_INFECT_MRSA,AMR_INFECT_MRSA,5DD9606,AMR_INFECT_MRSA,2018,YEAR,372,COUNTRY,PUBLISHED,MRSA infections,Ireland,12.4
5DD9606AMR_INFECT_MRSA,AMR_INFECT_MRSA,5DD9606,AMR_INFECT_MRSA,2018,YEAR,380,COUNTRY,PUBLISHED,MRSA infections,Italy,34.0
5DD9606AMR_INFECT_MRSA,AMR_INFECT_MRSA,5DD9606,AMR_INFECT_MRSA,2018,YEAR,392,COUNTRY,PUBLISHED,MRSA infections,Japan,40.6
5DD9606AMR_INFECT_MRSA,AMR_INFECT_MRSA,5DD9606,AMR_INFECT_MRSA,2018,YEAR,400,COUNTRY,PUBLISHED,MRSA infections,Jordan,47.9
5DD9606AMR_INFECT_MRSA,AMR_INFECT_MRSA,5DD9606,AMR_INFECT_MRSA,2018,YEAR,410,COUNTRY,PUBLISHED,MRSA infections,Republic of Korea,47.1
5DD9606AMR_INFECT_MRSA,AMR_INFECT_MRSA,5DD9606,AMR_INFECT_MRSA,2018,YEAR,418,COUNTRY,PUBLISHED,MRSA infections,Lao People's Democratic Republic,11.4
5DD9606AMR_INFECT_MRSA,AMR_INFECT_MRSA,5DD9606,AMR_INFECT_MRSA,2018,YEAR,422,COUNTRY,PUBLISHED,MRSA infections,Lebanon,20.0
5DD9606AMR_INFECT_MRSA,AMR_INFECT_MRSA,5DD9606,AMR_INFECT_MRSA,2018,YEAR,428,COUNTRY,PUBLISHED,MRSA infections,Latvia,5.7
5DD9606AMR_INFECT_MRSA,AMR_INFECT_MRSA,5DD9606,AMR_INFECT_MRSA,2018,YEAR,440,COUNTRY,PUBLISHED,MRSA infections,Lithuania,8.4
5DD9606AMR_INFECT_MRSA,AMR_INFECT_MRSA,5DD9606,AMR_INFECT_MRSA,2018,YEAR,442,COUNTRY,PUBLISHED,MRSA infections,Luxembourg,7.7
5DD9606AMR_INFECT_MRSA,AMR_INFECT_MRSA,5DD9606,AMR_INFECT_MRSA,2018,YEAR,450,COUNTRY,PUBLISHED,MRSA infections,Madagascar,18.8
5DD9606AMR_INFECT_MRSA,AMR_INFECT_MRSA,5DD9606,AMR_INFECT_MRSA,2018,YEAR,458,COUNTRY,PUBLISHED,MRSA infections,Malaysia,23.1
5DD9606AMR_INFECT_MRSA,AMR_INFECT_MRSA,5DD9606,AMR_INFECT_MRSA,2018,YEAR,466,COUNTRY,PUBLISHED,MRSA infections,Mali,0.0
5DD9606AMR_INFECT_MRSA,AMR_INFECT_MRSA,5DD9606,AMR_INFECT_MRSA,2018,YEAR,470,COUNTRY,PUBLISHED,MRSA infections,Malta,36.4
5DD9606AMR_INFECT_MRSA,AMR_INFECT_MRSA,5DD9606,AMR_INFECT_MRSA,2018,YEAR,508,COUNTRY,PUBLISHED,MRSA infections,Mozambique,20.0
5DD9606AMR_INFECT_MRSA,AMR_INFECT_MRSA,5DD9606,AMR_INFECT_MRSA,2018,YEAR,512,COUNTRY,PUBLISHED,MRSA infections,Oman,50.0
5DD9606AMR_INFECT_MRSA,AMR_INFECT_MRSA,5DD9606,AMR_INFECT_MRSA,2018,YEAR,524,COUNTRY,PUBLISHED,MRSA infections,Nepal,55.6
5DD9606AMR_INFECT_MRSA,AMR_INFECT_MRSA,5DD9606,AMR_INFECT_MRSA,2016,YEAR,001,GLOBAL,PUBLISHED,MRSA infections,World,20.6
5DD9606AMR_INFECT_MRSA,AMR_INFECT_MRSA,5DD9606,AMR_INFECT_MRSA,2016,YEAR,070,COUNTRY,PUBLISHED,MRSA infections,Bosnia and Herzegovina,18.0
5DD9606AMR_INFECT_MRSA,AMR_INFECT_MRSA,5DD9606,AMR_INFECT_MRSA,2016,YEAR,246,COUNTRY,PUBLISHED,MRSA infections,Finland,2.2
5DD9606AMR_INFECT_MRSA,AMR_INFECT_MRSA,5DD9606,AMR_INFECT_MRSA,2016,YEAR,276,COUNTRY,PUBLISHED,MRSA infections,Germany,10.3
5DD9606AMR_INFECT_MRSA,AMR_INFECT_MRSA,5DD9606,AMR_INFECT_MRSA,2016,YEAR,410,COUNTRY,PUBLISHED,MRSA infections,Republic of Korea,53.3
5DD9606AMR_INFECT_MRSA,AMR_INFECT_MRSA,5DD9606,AMR_INFECT_MRSA,2016,YEAR,428,COUNTRY,PUBLISHED,MRSA infections,Latvia,2.0
5DD9606AMR_INFECT_MRSA,AMR_INFECT_MRSA,5DD9606,AMR_INFECT_MRSA,2016,YEAR,440,COUNTRY,PUBLISHED,MRSA infections,Lithuania,11.6
5DD9606AMR_INFECT_MRSA,AMR_INFECT_MRSA,5DD9606,AMR_INFECT_MRSA,2016,YEAR,454,COUNTRY,PUBLISHED,MRSA infections,Malawi,82.0
5DD9606AMR_INFECT_MRSA,AMR_INFECT_MRSA,5DD9606,AMR_INFECT_MRSA,2016,YEAR,578,COUNTRY,PUBLISHED,MRSA infections,Norway,1.1
5DD9606AMR_INFECT_MRSA,AMR_INFECT_MRSA,5DD9606,AMR_INFECT_MRSA,2016,YEAR,608,COUNTRY,PUBLISHED,MRSA infections,Philippines,66.1
5DD9606AMR_INFECT_MRSA,AMR_INFECT_MRSA,5DD9606,AMR_INFECT_MRSA,2016,YEAR,710,COUNTRY,PUBLISHED,MRSA infections,South Africa,24.9
5DD9606AMR_INFECT_MRSA,AMR_INFECT_MRSA,5DD9606,AMR_INFECT_MRSA,2016,YEAR,752,COUNTRY,PUBLISHED,MRSA infections,Sweden,1.8
5DD9606AMR_INFECT_MRSA,AMR_INFECT_MRSA,5DD9606,AMR_INFECT_MRSA,2016,YEAR,756,COUNTRY,PUBLISHED,MRSA infections,Switzerland,4.9
5DD9606AMR_INFECT_MRSA,AMR_INFECT_MRSA,5DD9606,AMR_INFECT_MRSA,2016,YEAR,764,COUNTRY,PUBLISHED,MRSA infections,Thailand,13.4
5DD9606AMR_INFECT_MRSA,AMR_INFECT_MRSA,5DD9606,AMR_INFECT_MRSA,2016,YEAR,788,COUNTRY,PUBLISHED,MRSA infections,Tunisia,24.5
5DD9606AMR_INFECT_MRSA,AMR_INFECT_MRSA,5DD9606,AMR_INFECT_MRSA,2016,YEAR,807,COUNTRY,PUBLISHED,MRSA infections,North Macedonia,48.5
5DD9606AMR_INFECT_MRSA,AMR_INFECT_MRSA,5DD9606,AMR_INFECT_MRSA,2017,YEAR,001,GLOBAL,PUBLISHED,MRSA infections,World,18.2
5DD9606AMR_INFECT_MRSA,AMR_INFECT_MRSA,5DD9606,AMR_INFECT_MRSA,2017,YEAR,032,COUNTRY,PUBLISHED,MRSA infections,Argentina,45.0
5DD9606AMR_INFECT_MRSA,AMR_INFECT_MRSA,5DD9606,AMR_INFECT_MRSA,2017,YEAR,040,COUNTRY,PUBLISHED,MRSA infections,Austria,5.9
5DD9606AMR_INFECT_MRSA,AMR_INFECT_MRSA,5DD9606,AMR_INFECT_MRSA,2017,YEAR,070,COUNTRY,PUBLISHED,MRSA infections,Bosnia and Herzegovina,25.8
5DD9606AMR_INFECT_MRSA,AMR_INFECT_MRSA,5DD9606,AMR_INFECT_MRSA,2017,YEAR,191,COUNTRY,PUBLISHED,MRSA infections,Croatia,28.5
5DD9606AMR_INFECT_MRSA,AMR_INFECT_MRSA,5DD9606,AMR_INFECT_MRSA,2017,YEAR,196,COUNTRY,PUBLISHED,MRSA infections,Cyprus,31.2
5DD9606AMR_INFECT_MRSA,AMR_INFECT_MRSA,5DD9606,AMR_INFECT_MRSA,2017,YEAR,203,COUNTRY,PUBLISHED,MRSA infections,Czechia,13.2
5DD9606AMR_INFECT_MRSA,AMR_INFECT_MRSA,5DD9606,AMR_INFECT_MRSA,2017,YEAR,246,COUNTRY,PUBLISHED,MRSA infections,Finland,1.9
5DD9606AMR_INFECT_MRSA,AMR_INFECT_MRSA,5DD9606,AMR_INFECT_MRSA,2017,YEAR,250,COUNTRY,PUBLISHED,MRSA infections,France,12.9
5DD9606AMR_INFECT_MRSA,AMR_INFECT_MRSA,5DD9606,AMR_INFECT_MRSA,2017,YEAR,268,COUNTRY,PUBLISHED,MRSA infections,Georgia,4.2
5DD9606AMR_INFECT_MRSA,AMR_INFECT_MRSA,5DD9606,AMR_INFECT_MRSA,2017,YEAR,276,COUNTRY,PUBLISHED,MRSA infections,Germany,9.1
5DD9606AMR_INFECT_MRSA,AMR_INFECT_MRSA,5DD9606,AMR_INFECT_MRSA,2017,YEAR,300,COUNTRY,PUBLISHED,MRSA infections,Greece,38.4
5DD9606AMR_INFECT_MRSA,AMR_INFECT_MRSA,5DD9606,AMR_INFECT_MRSA,2017,YEAR,356,COUNTRY,PUBLISHED,MRSA infections,India,52.5
5DD9606AMR_INFECT_MRSA,AMR_INFECT_MRSA,5DD9606,AMR_INFECT_MRSA,2017,YEAR,372,COUNTRY,PUBLISHED,MRSA infections,Ireland,16.3
5DD9606AMR_INFECT_MRSA,AMR_INFECT_MRSA,5DD9606,AMR_INFECT_MRSA,2017,YEAR,392,COUNTRY,PUBLISHED,MRSA infections,Japan,41.7
5DD9606AMR_INFECT_MRSA,AMR_INFECT_MRSA,5DD9606,AMR_INFECT_MRSA,2017,YEAR,410,COUNTRY,PUBLISHED,MRSA infections,Republic of Korea,53.3
5DD9606AMR_INFECT_MRSA,AMR_INFECT_MRSA,5DD9606,AMR_INFECT_MRSA,2017,YEAR,418,COUNTRY,PUBLISHED,MRSA infections,Lao People's Democratic Republic,9.5
5DD9606AMR_INFECT_MRSA,AMR_INFECT_MRSA,5DD9606,AMR_INFECT_MRSA,2017,YEAR,422,COUNTRY,PUBLISHED,MRSA infections,Lebanon,8.3
5DD9606AMR_INFECT_MRSA,AMR_INFECT_MRSA,5DD9606,AMR_INFECT_MRSA,2017,YEAR,428,COUNTRY,PUBLISHED,MRSA infections,Latvia,1.7
5DD9606AMR_INFECT_MRSA,AMR_INFECT_MRSA,5DD9606,AMR_INFECT_MRSA,2017,YEAR,440,COUNTRY,PUBLISHED,MRSA infections,Lithuania,8.8
5DD9606AMR_INFECT_MRSA,AMR_INFECT_MRSA,5DD9606,AMR_INFECT_MRSA,2017,YEAR,442,COUNTRY,PUBLISHED,MRSA infections,Luxembourg,9.5
5DD9606AMR_INFECT_MRSA,AMR_INFECT_MRSA,5DD9606,AMR_INFECT_MRSA,2017,YEAR,450,COUNTRY,PUBLISHED,MRSA infections,Madagascar,30.0
5DD9606AMR_INFECT_MRSA,AMR_INFECT_MRSA,5DD9606,AMR_INFECT_MRSA,2017,YEAR,454,COUNTRY,PUBLISHED,MRSA infections,Malawi,19.7
5DD9606AMR_INFECT_MRSA,AMR_INFECT_MRSA,5DD9606,AMR_INFECT_MRSA,2022,YEAR,442,COUNTRY,PUBLISHED,MRSA infections,Luxembourg,4.68
5DD9606AMR_INFECT_MRSA,AMR_INFECT_MRSA,5DD9606,AMR_INFECT_MRSA,2022,YEAR,466,COUNTRY,PUBLISHED,MRSA infections,Mali,13.64
5DD9606AMR_INFECT_MRSA,AMR_INFECT_MRSA,5DD9606,AMR_INFECT_MRSA,2022,YEAR,470,COUNTRY,PUBLISHED,MRSA infections,Malta,19.85
5DD9606AMR_INFECT_MRSA,AMR_INFECT_MRSA,5DD9606,AMR_INFECT_MRSA,2022,YEAR,480,COUNTRY,PUBLISHED,MRSA infections,Mauritius,39.36
5DD9606AMR_INFECT_MRSA,AMR_INFECT_MRSA,5DD9606,AMR_INFECT_MRSA,2022,YEAR,498,COUNTRY,PUBLISHED,MRSA infections,Republic of Moldova,23.81
5DD9606AMR_INFECT_MRSA,AMR_INFECT_MRSA,5DD9606,AMR_INFECT_MRSA,2022,YEAR,504,COUNTRY,PUBLISHED,MRSA infections,Morocco,23.58
5DD9606AMR_INFECT_MRSA,AMR_INFECT_MRSA,5DD9606,AMR_INFECT_MRSA,2022,YEAR,508,COUNTRY,PUBLISHED,MRSA infections,Mozambique,6.67
5DD9606AMR_INFECT_MRSA,AMR_INFECT_MRSA,5DD9606,AMR_INFECT_MRSA,2022,YEAR,512,COUNTRY,PUBLISHED,MRSA infections,Oman,28.57
5DD9606AMR_INFECT_MRSA,AMR_INFECT_MRSA,5DD9606,AMR_INFECT_MRSA,2022,YEAR,516,COUNTRY,PUBLISHED,MRSA infections,Namibia,0.0
5DD9606AMR_INFECT_MRSA,AMR_INFECT_MRSA,5DD9606,AMR_INFECT_MRSA,2022,YEAR,524,COUNTRY,PUBLISHED,MRSA infections,Nepal,83.33
5DD9606AMR_INFECT_MRSA,AMR_INFECT_MRSA,5DD9606,AMR_INFECT_MRSA,2022,YEAR,528,COUNTRY,PUBLISHED,MRSA infections,Netherlands (Kingdom of the),2.31
5DD9606AMR_INFECT_MRSA,AMR_INFECT_MRSA,5DD9606,AMR_INFECT_MRSA,2022,YEAR,566,COUNTRY,PUBLISHED,MRSA infections,Nigeria,65.09
5DD9606AMR_INFECT_MRSA,AMR_INFECT_MRSA,5DD9606,AMR_INFECT_MRSA,2022,YEAR,586,COUNTRY,PUBLISHED,MRSA infections,Pakistan,67.06
5DD9606AMR_INFECT_MRSA,AMR_INFECT_MRSA,5DD9606,AMR_INFECT_MRSA,2022,YEAR,598,COUNTRY,PUBLISHED,MRSA infections,Papua New Guinea,65.52
5DD9606AMR_INFECT_MRSA,AMR_INFECT_MRSA,5DD9606,AMR_INFECT_MRSA,2022,YEAR,604,COUNTRY,PUBLISHED,MRSA infections,Peru,49.15
5DD9606AMR_INFECT_MRSA,AMR_INFECT_MRSA,5DD9606,AMR_INFECT_MRSA,2022,YEAR,608,COUNTRY,PUBLISHED,MRSA infections,Philippines,44.43
5DD9606AMR_INFECT_MRSA,AMR_INFECT_MRSA,5DD9606,AMR_INFECT_MRSA,2022,YEAR,616,COUNTRY,PUBLISHED,MRSA infections,Poland,13.66
5DD9606AMR_INFECT_MRSA,AMR_INFECT_MRSA,5DD9606,AMR_INFECT_MRSA,2022,YEAR,626,COUNTRY,PUBLISHED,MRSA infections,Timor-Leste,38.1
5DD9606AMR_INFECT_MRSA,AMR_INFECT_MRSA,5DD9606,AMR_INFECT_MRSA,2022,YEAR,634,COUNTRY,PUBLISHED,MRSA infections,Qatar,30.06
5DD9606AMR_INFECT_MRSA,AMR_INFECT_MRSA,5DD9606,AMR_INFECT_MRSA,2022,YEAR,643,COUNTRY,PUBLISHED,MRSA infections,Russian Federation,7.28
5DD9606AMR_INFECT_MRSA,AMR_INFECT_MRSA,5DD9606,AMR_INFECT_MRSA,2022,YEAR,682,COUNTRY,PUBLISHED,MRSA infections,Saudi Arabia,52.05
5DD9606AMR_INFECT_MRSA,AMR_INFECT_MRSA,5DD9606,AMR_INFECT_MRSA,2022,YEAR,702,COUNTRY,PUBLISHED,MRSA infections,Singapore,31.17
5DD9606AMR_INFECT_MRSA,AMR_INFECT_MRSA,5DD9606,AMR_INFECT_MRSA,2022,YEAR,710,COUNTRY,PUBLISHED,MRSA infections,South Africa,16.48
5DD9606AMR_INFECT_MRSA,AMR_INFECT_MRSA,5DD9606,AMR_INFECT_MRSA,2022,YEAR,748,COUNTRY,PUBLISHED,MRSA infections,Eswatini,36.36
5DD9606AMR_INFECT_MRSA,AMR_INFECT_MRSA,5DD9606,AMR_INFECT_MRSA,2022,YEAR,752,COUNTRY,PUBLISHED,MRSA infections,Sweden,1.85
5DD9606AMR_INFECT_MRSA,AMR_INFECT_MRSA,5DD9606,AMR_INFECT_MRSA,2022,YEAR,756,COUNTRY,PUBLISHED,MRSA infections,Switzerland,4.07
5DD9606AMR_INFECT_MRSA,AMR_INFECT_MRSA,5DD9606,AMR_INFECT_MRSA,2022,YEAR,760,COUNTRY,PUBLISHED,MRSA infections,Syrian Arab Republic,29.41
5DD9606AMR_INFECT_MRSA,AMR_INFECT_MRSA,5DD9606,AMR_INFECT_MRSA,2022,YEAR,764,COUNTRY,PUBLISHED,MRSA infections,Thailand,7.47
5DD9606AMR_INFECT_MRSA,AMR_INFECT_MRSA,5DD9606,AMR_INFECT_MRSA,2022,YEAR,784,COUNTRY,PUBLISHED,MRSA infections,United Arab Emirates,39.88
5DD9606AMR_INFECT_MRSA,AMR_INFECT_MRSA,5DD9606,AMR_INFECT_MRSA,2022,YEAR,788,COUNTRY,PUBLISHED,MRSA infections,Tunisia,13.61
5DD9606AMR_INFECT_MRSA,AMR_INFECT_MRSA,5DD9606,AMR_INFECT_MRSA,2022,YEAR,792,COUNTRY,PUBLISHED,MRSA infections,Türkiye,31.35
5DD9606AMR_INFECT_MRSA,AMR_INFECT_MRSA,5DD9606,AMR_INFECT_MRSA,2022,YEAR,804,COUNTRY,PUBLISHED,MRSA infections,Ukraine,15.28
5DD9606AMR_INFECT_MRSA,AMR_INFECT_MRSA,5DD9606,AMR_INFECT_MRSA,2022,YEAR,807,COUNTRY,PUBLISHED,MRSA infections,North Macedonia,53.85
5DD9606AMR_INFECT_MRSA,AMR_INFECT_MRSA,5DD9606,AMR_INFECT_MRSA,2022,YEAR,818,COUNTRY,PUBLISHED,MRSA infections,Egypt,69.44
5DD9606AMR_INFECT_MRSA,AMR_INFECT_MRSA,5DD9606,AMR_INFECT_MRSA,2022,YEAR,826,COUNTRY,PUBLISHED,MRSA infections,United Kingdom of Great Britain and Northern Ireland,7.96
5DD9606AMR_INFECT_MRSA,AMR_INFECT_MRSA,5DD9606,AMR_INFECT_MRSA,2022,YEAR,834,COUNTRY,PUBLISHED,MRSA infections,United Republic of Tanzania,59.49
5DD9606AMR_INFECT_MRSA,AMR_INFECT_MRSA,5DD9606,AMR_INFECT_MRSA,2022,YEAR,854,COUNTRY,PUBLISHED,MRSA infections,Burkina Faso,30.43
5DD9606AMR_INFECT_MRSA,AMR_INFECT_MRSA,5DD9606,AMR_INFECT_MRSA,2022,YEAR,887,COUNTRY,PUBLISHED,MRSA infections,Yemen,93.46
5DD9606AMR_INFECT_MRSA,AMR_INFECT_MRSA,5DD9606,AMR_INFECT_MRSA,2022,YEAR,894,COUNTRY,PUBLISHED,MRSA infections,Zambia,90.0
5DD9606AMR_INFECT_MRSA,AMR_INFECT_MRSA,5DD9606,AMR_INFECT_MRSA,2021,YEAR,792,COUNTRY,PUBLISHED,MRSA infections,Türkiye,30.99
5DD9606AMR_INFECT_MRSA,AMR_INFECT_MRSA,5DD9606,AMR_INFECT_MRSA,2021,YEAR,804,COUNTRY,PUBLISHED,MRSA infections,Ukraine,28.05
5DD9606AMR_INFECT_MRSA,AMR_INFECT_MRSA,5DD9606,AMR_INFECT_MRSA,2021,YEAR,807,COUNTRY,PUBLISHED,MRSA infections,North Macedonia,80.77
5DD9606AMR_INFECT_MRSA,AMR_INFECT_MRSA,5DD9606,AMR_INFECT_MRSA,2021,YEAR,818,COUNTRY,PUBLISHED,MRSA infections,Egypt,92.31
5DD9606AMR_INFECT_MRSA,AMR_INFECT_MRSA,5DD9606,AMR_INFECT_MRSA,2021,YEAR,826,COUNTRY,PUBLISHED,MRSA infections,United Kingdom of Great Britain and Northern Ireland,6.74
5DD9606AMR_INFECT_MRSA,AMR_INFECT_MRSA,5DD9606,AMR_INFECT_MRSA,2021,YEAR,834,COUNTRY,PUBLISHED,MRSA infections,United Republic of Tanzania,64.88
5DD9606AMR_INFECT_MRSA,AMR_INFECT_MRSA,5DD9606,AMR_INFECT_MRSA,2021,YEAR,854,COUNTRY,PUBLISHED,MRSA infections,Burkina Faso,51.16
5DD9606AMR_INFECT_MRSA,AMR_INFECT_MRSA,5DD9606,AMR_INFECT_MRSA,2021,YEAR,894,COUNTRY,PUBLISHED,MRSA infections,Zambia,69.35
5DD9606AMR_INFECT_MRSA,AMR_INFECT_MRSA,5DD9606,AMR_INFECT_MRSA,2022,YEAR,001,GLOBAL,PUBLISHED,MRSA infections,World,32.2
5DD9606AMR_INFECT_MRSA,AMR_INFECT_MRSA,5DD9606,AMR_INFECT_MRSA,2022,YEAR,032,COUNTRY,PUBLISHED,MRSA infections,Argentina,32.79
5DD9606AMR_INFECT_MRSA,AMR_INFECT_MRSA,5DD9606,AMR_INFECT_MRSA,2022,YEAR,036,COUNTRY,PUBLISHED,MRSA infections,Australia,14.97
5DD9606AMR_INFECT_MRSA,AMR_INFECT_MRSA,5DD9606,AMR_INFECT_MRSA,2022,YEAR,040,COUNTRY,PUBLISHED,MRSA infections,Austria,3.87
5DD9606AMR_INFECT_MRSA,AMR_INFECT_MRSA,5DD9606,AMR_INFECT_MRSA,2022,YEAR,048,COUNTRY,PUBLISHED,MRSA infections,Bahrain,42.11
5DD9606AMR_INFECT_MRSA,AMR_INFECT_MRSA,5DD9606,AMR_INFECT_MRSA,2022,YEAR,050,COUNTRY,PUBLISHED,MRSA infections,Bangladesh,88.46
5DD9606AMR_INFECT_MRSA,AMR_INFECT_MRSA,5DD9606,AMR_INFECT_MRSA,2022,YEAR,056,COUNTRY,PUBLISHED,MRSA infections,Belgium,4.56
5DD9606AMR_INFECT_MRSA,AMR_INFECT_MRSA,5DD9606,AMR_INFECT_MRSA,2022,YEAR,070,COUNTRY,PUBLISHED,MRSA infections,Bosnia and Herzegovina,26.51
5DD9606AMR_INFECT_MRSA,AMR_INFECT_MRSA,5DD9606,AMR_INFECT_MRSA,2022,YEAR,076,COUNTRY,PUBLISHED,MRSA infections,Brazil,31.58
5DD9606AMR_INFECT_MRSA,AMR_INFECT_MRSA,5DD9606,AMR_INFECT_MRSA,2022,YEAR,096,COUNTRY,PUBLISHED,MRSA infections,Brunei Darussalam,12.16
5DD9606AMR_INFECT_MRSA,AMR_INFECT_MRSA,5DD9606,AMR_INFECT_MRSA,2022,YEAR,104,COUNTRY,PUBLISHED,MRSA infections,Myanmar,66.67
5DD9606AMR_INFECT_MRSA,AMR_INFECT_MRSA,5DD9606,AMR_INFECT_MRSA,2022,YEAR,116,COUNTRY,PUBLISHED,MRSA infections,Cambodia,81.25
5DD9606AMR_INFECT_MRSA,AMR_INFECT_MRSA,5DD9606,AMR_INFECT_MRSA,2022,YEAR,120,COUNTRY,PUBLISHED,MRSA infections,Cameroon,76.0
5DD9606AMR_INFECT_MRSA,AMR_INFECT_MRSA,5DD9606,AMR_INFECT_MRSA,2022,YEAR,124,COUNTRY,PUBLISHED,MRSA infections,Canada,20.98
5DD9606AMR_INFECT_MRSA,AMR_INFECT_MRSA,5DD9606,AMR_INFECT_MRSA,2022,YEAR,144,COUNTRY,PUBLISHED,MRSA infections,Sri Lanka,51.31
5DD9606AMR_INFECT_MRSA,AMR_INFECT_MRSA,5DD9606,AMR_INFECT_MRSA,2022,YEAR,170,COUNTRY,PUBLISHED,MRSA infections,Colombia,45.15
5DD9606AMR_INFECT_MRSA,AMR_INFECT_MRSA,5DD9606,AMR_INFECT_MRSA,2022,YEAR,180,COUNTRY,PUBLISHED,MRSA infections,Democratic Republic of the Congo,88.46
5DD9606AMR_INFECT_MRSA,AMR_INFECT_MRSA,5DD9606,AMR_INFECT_MRSA,2022,YEAR,191,COUNTRY,PUBLISHED,MRSA infections,Croatia,53.85
5DD9606AMR_INFECT_MRSA,AMR_INFECT_MRSA,5DD9606,AMR_INFECT_MRSA,2022,YEAR,196,COUNTRY,PUBLISHED,MRSA infections,Cyprus,55.93
5DD9606AMR_INFECT_MRSA,AMR_INFECT_MRSA,5DD9606,AMR_INFECT_MRSA,2022,YEAR,203,COUNTRY,PUBLISHED,MRSA infections,Czechia,7.64
5DD9606AMR_INFECT_MRSA,AMR_INFECT_MRSA,5DD9606,AMR_INFECT_MRSA,2022,YEAR,204,COUNTRY,PUBLISHED,MRSA infections,Benin,52.56
5DD9606AMR_INFECT_MRSA,AMR_INFECT_MRSA,5DD9606,AMR_INFECT_MRSA,2022,YEAR,208,COUNTRY,PUBLISHED,MRSA infections,Denmark,1.85
5DD9606AMR_INFECT_MRSA,AMR_INFECT_MRSA,5DD9606,AMR_INFECT_MRSA,2022,YEAR,231,COUNTRY,PUBLISHED,MRSA infections,Ethiopia,61.82
5DD9606AMR_INFECT_MRSA,AMR_INFECT_MRSA,5DD9606,AMR_INFECT_MRSA,2022,YEAR,233,COUNTRY,PUBLISHED,MRSA infections,Estonia,3.09
5DD9606AMR_INFECT_MRSA,AMR_INFECT_MRSA,5DD9606,AMR_INFECT_MRSA,2022,YEAR,246,COUNTRY,PUBLISHED,MRSA infections,Finland,1.63
5DD9606AMR_INFECT_MRSA,AMR_INFECT_MRSA,5DD9606,AMR_INFECT_MRSA,2022,YEAR,250,COUNTRY,PUBLISHED,MRSA infections,France,11.15
5DD9606AMR_INFECT_MRSA,AMR_INFECT_MRSA,5DD9606,AMR_INFECT_MRSA,2022,YEAR,268,COUNTRY,PUBLISHED,MRSA infections,Georgia,28.32
5DD9606AMR_INFECT_MRSA,AMR_INFECT_MRSA,5DD9606,AMR_INFECT_MRSA,2022,YEAR,276,COUNTRY,PUBLISHED,MRSA infections,Germany,4.43
5DD9606AMR_INFECT_MRSA,AMR_INFECT_MRSA,5DD9606,AMR_INFECT_MRSA,2022,YEAR,288,COUNTRY,PUBLISHED,MRSA infections,Ghana,67.86
5DD9606AMR_INFECT_MRSA,AMR_INFECT_MRSA,5DD9606,AMR_INFECT_MRSA,2022,YEAR,300,COUNTRY,PUBLISHED,MRSA infections,Greece,41.08
5DD9606AMR_INFECT_MRSA,AMR_INFECT_MRSA,5DD9606,AMR_INFECT_MRSA,2022,YEAR,344,SPECIAL ADMINISTRATIVE REGION (SAR),PUBLISHED,MRSA infections,"China, Hong Kong SAR",45.84
5DD9606AMR_INFECT_MRSA,AMR_INFECT_MRSA,5DD9606,AMR_INFECT_MRSA,2022,YEAR,352,COUNTRY,PUBLISHED,MRSA infections,Iceland,2.78
5DD9606AMR_INFECT_MRSA,AMR_INFECT_MRSA,5DD9606,AMR_INFECT_MRSA,2022,YEAR,356,COUNTRY,PUBLISHED,MRSA infections,India,54.85
5DD9606AMR_INFECT_MRSA,AMR_INFECT_MRSA,5DD9606,AMR_INFECT_MRSA,2022,YEAR,360,COUNTRY,PUBLISHED,MRSA infections,Indonesia,35.18
5DD9606AMR_INFECT_MRSA,AMR_INFECT_MRSA,5DD9606,AMR_INFECT_MRSA,2022,YEAR,364,COUNTRY,PUBLISHED,MRSA infections,Iran (Islamic Republic of),34.71
5DD9606AMR_INFECT_MRSA,AMR_INFECT_MRSA,5DD9606,AMR_INFECT_MRSA,2022,YEAR,368,COUNTRY,PUBLISHED,MRSA infections,Iraq,87.76
5DD9606AMR_INFECT_MRSA,AMR_INFECT_MRSA,5DD9606,AMR_INFECT_MRSA,2022,YEAR,372,COUNTRY,PUBLISHED,MRSA infections,Ireland,10.54
5DD9606AMR_INFECT_MRSA,AMR_INFECT_MRSA,5DD9606,AMR_INFECT_MRSA,2022,YEAR,380,COUNTRY,PUBLISHED,MRSA infections,Italy,30.6
5DD9606AMR_INFECT_MRSA,AMR_INFECT_MRSA,5DD9606,AMR_INFECT_MRSA,2022,YEAR,392,COUNTRY,PUBLISHED,MRSA infections,Japan,33.89
5DD9606AMR_INFECT_MRSA,AMR_INFECT_MRSA,5DD9606,AMR_INFECT_MRSA,2022,YEAR,400,COUNTRY,PUBLISHED,MRSA infections,Jordan,76.27
5DD9606AMR_INFECT_MRSA,AMR_INFECT_MRSA,5DD9606,AMR_INFECT_MRSA,2022,YEAR,404,COUNTRY,PUBLISHED,MRSA infections,Kenya,21.43
5DD9606AMR_INFECT_MRSA,AMR_INFECT_MRSA,5DD9606,AMR_INFECT_MRSA,2022,YEAR,410,COUNTRY,PUBLISHED,MRSA infections,Republic of Korea,45.71
5DD9606AMR_INFECT_MRSA,AMR_INFECT_MRSA,5DD9606,AMR_INFECT_MRSA,2022,YEAR,412,COUNTRY,PUBLISHED,MRSA infections,Kosovo (in accordance with UN Security Council resolution 1244 (1999)),59.26
5DD9606AMR_INFECT_MRSA,AMR_INFECT_MRSA,5DD9606,AMR_INFECT_MRSA,2022,YEAR,414,COUNTRY,PUBLISHED,MRSA infections,Kuwait,59.09
5DD9606AMR_INFECT_MRSA,AMR_INFECT_MRSA,5DD9606,AMR_INFECT_MRSA,2022,YEAR,418,COUNTRY,PUBLISHED,MRSA infections,Lao People's Democratic Republic,55.88
5DD9606AMR_INFECT_MRSA,AMR_INFECT_MRSA,5DD9606,AMR_INFECT_MRSA,2022,YEAR,422,COUNTRY,PUBLISHED,MRSA infections,Lebanon,52.5
5DD9606AMR_INFECT_MRSA,AMR_INFECT_MRSA,5DD9606,AMR_INFECT_MRSA,2022,YEAR,428,COUNTRY,PUBLISHED,MRSA infections,Latvia,3.83
5DD9606AMR_INFECT_MRSA,AMR_INFECT_MRSA,5DD9606,AMR_INFECT_MRSA,2022,YEAR,440,COUNTRY,PUBLISHED,MRSA infections,Lithuania,9.42
5DD9606AMR_INFECT_MRSA,AMR_INFECT_MRSA,5DD9606,AMR_INFECT_MRSA,2021,YEAR,208,COUNTRY,PUBLISHED,MRSA infections,Denmark,1.55
5DD9606AMR_INFECT_MRSA,AMR_INFECT_MRSA,5DD9606,AMR_INFECT_MRSA,2021,YEAR,231,COUNTRY,PUBLISHED,MRSA infections,Ethiopia,59.23
5DD9606AMR_INFECT_MRSA,AMR_INFECT_MRSA,5DD9606,AMR_INFECT_MRSA,2021,YEAR,233,COUNTRY,PUBLISHED,MRSA infections,Estonia,2.27
5DD9606AMR_INFECT_MRSA,AMR_INFECT_MRSA,5DD9606,AMR_INFECT_MRSA,2021,YEAR,246,COUNTRY,PUBLISHED,MRSA infections,Finland,2.31
5DD9606AMR_INFECT_MRSA,AMR_INFECT_MRSA,5DD9606,AMR_INFECT_MRSA,2021,YEAR,250,COUNTRY,PUBLISHED,MRSA infections,France,11.0
5DD9606AMR_INFECT_MRSA,AMR_INFECT_MRSA,5DD9606,AMR_INFECT_MRSA,2021,YEAR,268,COUNTRY,PUBLISHED,MRSA infections,Georgia,25.32
5DD9606AMR_INFECT_MRSA,AMR_INFECT_MRSA,5DD9606,AMR_INFECT_MRSA,2021,YEAR,275,NATIONAL LIBERATION MOVEMENT,PUBLISHED,MRSA infections,"occupied Palestinian territory, including east Jerusalem",73.3
5DD9606AMR_INFECT_MRSA,AMR_INFECT_MRSA,5DD9606,AMR_INFECT_MRSA,2021,YEAR,276,COUNTRY,PUBLISHED,MRSA infections,Germany,4.91
5DD9606AMR_INFECT_MRSA,AMR_INFECT_MRSA,5DD9606,AMR_INFECT_MRSA,2021,YEAR,288,COUNTRY,PUBLISHED,MRSA infections,Ghana,45.45
5DD9606AMR_INFECT_MRSA,AMR_INFECT_MRSA,5DD9606,AMR_INFECT_MRSA,2021,YEAR,300,COUNTRY,PUBLISHED,MRSA infections,Greece,43.18
5DD9606AMR_INFECT_MRSA,AMR_INFECT_MRSA,5DD9606,AMR_INFECT_MRSA,2021,YEAR,356,COUNTRY,PUBLISHED,MRSA infections,India,55.67
5DD9606AMR_INFECT_MRSA,AMR_INFECT_MRSA,5DD9606,AMR_INFECT_MRSA,2021,YEAR,360,COUNTRY,PUBLISHED,MRSA infections,Indonesia,37.7
5DD9606AMR_INFECT_MRSA,AMR_INFECT_MRSA,5DD9606,AMR_INFECT_MRSA,2021,YEAR,364,COUNTRY,PUBLISHED,MRSA infections,Iran (Islamic Republic of),32.8
5DD9606AMR_INFECT_MRSA,AMR_INFECT_MRSA,5DD9606,AMR_INFECT_MRSA,2021,YEAR,368,COUNTRY,PUBLISHED,MRSA infections,Iraq,84.62
5DD9606AMR_INFECT_MRSA,AMR_INFECT_MRSA,5DD9606,AMR_INFECT_MRSA,2021,YEAR,372,COUNTRY,PUBLISHED,MRSA infections,Ireland,10.96
5DD9606AMR_INFECT_MRSA,AMR_INFECT_MRSA,5DD9606,AMR_INFECT_MRSA,2021,YEAR,380,COUNTRY,PUBLISHED,MRSA infections,Italy,30.88
5DD9606AMR_INFECT_MRSA,AMR_INFECT_MRSA,5DD9606,AMR_INFECT_MRSA,2021,YEAR,392,COUNTRY,PUBLISHED,MRSA infections,Japan,35.05
5DD9606AMR_INFECT_MRSA,AMR_INFECT_MRSA,5DD9606,AMR_INFECT_MRSA,2021,YEAR,400,COUNTRY,PUBLISHED,MRSA infections,Jordan,70.8
5DD9606AMR_INFECT_MRSA,AMR_INFECT_MRSA,5DD9606,AMR_INFECT_MRSA,2021,YEAR,404,COUNTRY,PUBLISHED,MRSA infections,Kenya,44.12
5DD9606AMR_INFECT_MRSA,AMR_INFECT_MRSA,5DD9606,AMR_INFECT_MRSA,2021,YEAR,410,COUNTRY,PUBLISHED,MRSA infections,Republic of Korea,45.21
5DD9606AMR_INFECT_MRSA,AMR_INFECT_MRSA,5DD9606,AMR_INFECT_MRSA,2021,YEAR,412,COUNTRY,PUBLISHED,MRSA infections,Kosovo (in accordance with UN Security Council resolution 1244 (1999)),43.75
5DD9606AMR_INFECT_MRSA,AMR_INFECT_MRSA,5DD9606,AMR_INFECT_MRSA,2021,YEAR,418,COUNTRY,PUBLISHED,MRSA infections,Lao People's Democratic Republic,29.89
5DD9606AMR_INFECT_MRSA,AMR_INFECT_MRSA,5DD9606,AMR_INFECT_MRSA,2021,YEAR,422,COUNTRY,PUBLISHED,MRSA infections,Lebanon,37.21
5DD9606AMR_INFECT_MRSA,AMR_INFECT_MRSA,5DD9606,AMR_INFECT_MRSA,2021,YEAR,428,COUNTRY,PUBLISHED,MRSA infections,Latvia,4.55
5DD9606AMR_INFECT_MRSA,AMR_INFECT_MRSA,5DD9606,AMR_INFECT_MRSA,2021,YEAR,430,COUNTRY,PUBLISHED,MRSA infections,Liberia,5.88
5DD9606AMR_INFECT_MRSA,AMR_INFECT_MRSA,5DD9606,AMR_INFECT_MRSA,2021,YEAR,440,COUNTRY,PUBLISHED,MRSA infections,Lithuania,8.98
5DD9606AMR_INFECT_MRSA,AMR_INFECT_MRSA,5DD9606,AMR_INFECT_MRSA,2021,YEAR,442,COUNTRY,PUBLISHED,MRSA infections,Luxembourg,5.53
5DD9606AMR_INFECT_MRSA,AMR_INFECT_MRSA,5DD9606,AMR_INFECT_MRSA,2021,YEAR,454,COUNTRY,PUBLISHED,MRSA infections,Malawi,40.0
5DD9606AMR_INFECT_MRSA,AMR_INFECT_MRSA,5DD9606,AMR_INFECT_MRSA,2021,YEAR,458,COUNTRY,PUBLISHED,MRSA infections,Malaysia,16.45
5DD9606AMR_INFECT_MRSA,AMR_INFECT_MRSA,5DD9606,AMR_INFECT_MRSA,2021,YEAR,466,COUNTRY,PUBLISHED,MRSA infections,Mali,2.13
5DD9606AMR_INFECT_MRSA,AMR_INFECT_MRSA,5DD9606,AMR_INFECT_MRSA,2021,YEAR,470,COUNTRY,PUBLISHED,MRSA infections,Malta,20.39
5DD9606AMR_INFECT_MRSA,AMR_INFECT_MRSA,5DD9606,AMR_INFECT_MRSA,2021,YEAR,480,COUNTRY,PUBLISHED,MRSA infections,Mauritius,42.96
5DD9606AMR_INFECT_MRSA,AMR_INFECT_MRSA,5DD9606,AMR_INFECT_MRSA,2021,YEAR,498,COUNTRY,PUBLISHED,MRSA infections,Republic of Moldova,6.67
5DD9606AMR_INFECT_MRSA,AMR_INFECT_MRSA,5DD9606,AMR_INFECT_MRSA,2021,YEAR,504,COUNTRY,PUBLISHED,MRSA infections,Morocco,25.77
5DD9606AMR_INFECT_MRSA,AMR_INFECT_MRSA,5DD9606,AMR_INFECT_MRSA,2021,YEAR,508,COUNTRY,PUBLISHED,MRSA infections,Mozambique,25.0
5DD9606AMR_INFECT_MRSA,AMR_INFECT_MRSA,5DD9606,AMR_INFECT_MRSA,2021,YEAR,512,COUNTRY,PUBLISHED,MRSA infections,Oman,41.46
5DD9606AMR_INFECT_MRSA,AMR_INFECT_MRSA,5DD9606,AMR_INFECT_MRSA,2021,YEAR,524,COUNTRY,PUBLISHED,MRSA infections,Nepal,57.89
5DD9606AMR_INFECT_MRSA,AMR_INFECT_MRSA,5DD9606,AMR_INFECT_MRSA,2021,YEAR,528,COUNTRY,PUBLISHED,MRSA infections,Netherlands (Kingdom of the),1.61
5DD9606AMR_INFECT_MRSA,AMR_INFECT_MRSA,5DD9606,AMR_INFECT_MRSA,2021,YEAR,566,COUNTRY,PUBLISHED,MRSA infections,Nigeria,66.67
5DD9606AMR_INFECT_MRSA,AMR_INFECT_MRSA,5DD9606,AMR_INFECT_MRSA,2021,YEAR,578,COUNTRY,PUBLISHED,MRSA infections,Norway,0.94
5DD9606AMR_INFECT_MRSA,AMR_INFECT_MRSA,5DD9606,AMR_INFECT_MRSA,2021,YEAR,586,COUNTRY,PUBLISHED,MRSA infections,Pakistan,82.56
5DD9606AMR_INFECT_MRSA,AMR_INFECT_MRSA,5DD9606,AMR_INFECT_MRSA,2021,YEAR,604,COUNTRY,PUBLISHED,MRSA infections,Peru,81.54
5DD9606AMR_INFECT_MRSA,AMR_INFECT_MRSA,5DD9606,AMR_INFECT_MRSA,2021,YEAR,608,COUNTRY,PUBLISHED,MRSA infections,Philippines,44.6
5DD9606AMR_INFECT_MRSA,AMR_INFECT_MRSA,5DD9606,AMR_INFECT_MRSA,2021,YEAR,616,COUNTRY,PUBLISHED,MRSA infections,Poland,16.52
5DD9606AMR_INFECT_MRSA,AMR_INFECT_MRSA,5DD9606,AMR_INFECT_MRSA,2021,YEAR,626,COUNTRY,PUBLISHED,MRSA infections,Timor-Leste,37.5
5DD9606AMR_INFECT_MRSA,AMR_INFECT_MRSA,5DD9606,AMR_INFECT_MRSA,2021,YEAR,634,COUNTRY,PUBLISHED,MRSA infections,Qatar,31.62
5DD9606AMR_INFECT_MRSA,AMR_INFECT_MRSA,5DD9606,AMR_INFECT_MRSA,2021,YEAR,643,COUNTRY,PUBLISHED,MRSA infections,Russian Federation,17.04
5DD9606AMR_INFECT_MRSA,AMR_INFECT_MRSA,5DD9606,AMR_INFECT_MRSA,2021,YEAR,682,COUNTRY,PUBLISHED,MRSA infections,Saudi Arabia,50.38
5DD9606AMR_INFECT_MRSA,AMR_INFECT_MRSA,5DD9606,AMR_INFECT_MRSA,2021,YEAR,702,COUNTRY,PUBLISHED,MRSA infections,Singapore,32.54
5DD9606AMR_INFECT_MRSA,AMR_INFECT_MRSA,5DD9606,AMR_INFECT_MRSA,2021,YEAR,710,COUNTRY,PUBLISHED,MRSA infections,South Africa,16.64
5DD9606AMR_INFECT_MRSA,AMR_INFECT_MRSA,5DD9606,AMR_INFECT_MRSA,2021,YEAR,729,COUNTRY,PUBLISHED,MRSA infections,Sudan,35.71
5DD9606AMR_INFECT_MRSA,AMR_INFECT_MRSA,5DD9606,AMR_INFECT_MRSA,2021,YEAR,752,COUNTRY,PUBLISHED,MRSA infections,Sweden,1.97
5DD9606AMR_INFECT_MRSA,AMR_INFECT_MRSA,5DD9606,AMR_INFECT_MRSA,2021,YEAR,756,COUNTRY,PUBLISHED,MRSA infections,Switzerland,4.34
5DD9606AMR_INFECT_MRSA,AMR_INFECT_MRSA,5DD9606,AMR_INFECT_MRSA,2021,YEAR,764,COUNTRY,PUBLISHED,MRSA infections,Thailand,7.61
5DD9606AMR_INFECT_MRSA,AMR_INFECT_MRSA,5DD9606,AMR_INFECT_MRSA,2021,YEAR,784,COUNTRY,PUBLISHED,MRSA infections,United Arab Emirates,35.65
5DD9606AMR_INFECT_MRSA,AMR_INFECT_MRSA,5DD9606,AMR_INFECT_MRSA,2021,YEAR,788,COUNTRY,PUBLISHED,MRSA infections,Tunisia,17.24
5DD9606AMR_INFECT_MRSA,AMR_INFECT_MRSA,5DD9606,AMR_INFECT_MRSA,2020,YEAR,418,COUNTRY,PUBLISHED,MRSA infections,Lao People's Democratic Republic,22.22
5DD9606AMR_INFECT_MRSA,AMR_INFECT_MRSA,5DD9606,AMR_INFECT_MRSA,2020,YEAR,422,COUNTRY,PUBLISHED,MRSA infections,Lebanon,35.09
5DD9606AMR_INFECT_MRSA,AMR_INFECT_MRSA,5DD9606,AMR_INFECT_MRSA,2020,YEAR,428,COUNTRY,PUBLISHED,MRSA infections,Latvia,13.64
5DD9606AMR_INFECT_MRSA,AMR_INFECT_MRSA,5DD9606,AMR_INFECT_MRSA,2020,YEAR,430,COUNTRY,PUBLISHED,MRSA infections,Liberia,12.9
5DD9606AMR_INFECT_MRSA,AMR_INFECT_MRSA,5DD9606,AMR_INFECT_MRSA,2020,YEAR,434,COUNTRY,PUBLISHED,MRSA infections,Libya,70.0
5DD9606AMR_INFECT_MRSA,AMR_INFECT_MRSA,5DD9606,AMR_INFECT_MRSA,2020,YEAR,440,COUNTRY,PUBLISHED,MRSA infections,Lithuania,9.8
5DD9606AMR_INFECT_MRSA,AMR_INFECT_MRSA,5DD9606,AMR_INFECT_MRSA,2020,YEAR,442,COUNTRY,PUBLISHED,MRSA infections,Luxembourg,3.08
5DD9606AMR_INFECT_MRSA,AMR_INFECT_MRSA,5DD9606,AMR_INFECT_MRSA,2020,YEAR,454,COUNTRY,PUBLISHED,MRSA infections,Malawi,61.19
5DD9606AMR_INFECT_MRSA,AMR_INFECT_MRSA,5DD9606,AMR_INFECT_MRSA,2020,YEAR,458,COUNTRY,PUBLISHED,MRSA infections,Malaysia,17.12
5DD9606AMR_INFECT_MRSA,AMR_INFECT_MRSA,5DD9606,AMR_INFECT_MRSA,2020,YEAR,466,COUNTRY,PUBLISHED,MRSA infections,Mali,10.42
5DD9606AMR_INFECT_MRSA,AMR_INFECT_MRSA,5DD9606,AMR_INFECT_MRSA,2020,YEAR,470,COUNTRY,PUBLISHED,MRSA infections,Malta,19.57
5DD9606AMR_INFECT_MRSA,AMR_INFECT_MRSA,5DD9606,AMR_INFECT_MRSA,2020,YEAR,480,COUNTRY,PUBLISHED,MRSA infections,Mauritius,39.62
5DD9606AMR_INFECT_MRSA,AMR_INFECT_MRSA,5DD9606,AMR_INFECT_MRSA,2020,YEAR,508,COUNTRY,PUBLISHED,MRSA infections,Mozambique,25.0
5DD9606AMR_INFECT_MRSA,AMR_INFECT_MRSA,5DD9606,AMR_INFECT_MRSA,2020,YEAR,512,COUNTRY,PUBLISHED,MRSA infections,Oman,31.82
5DD9606AMR_INFECT_MRSA,AMR_INFECT_MRSA,5DD9606,AMR_INFECT_MRSA,2020,YEAR,524,COUNTRY,PUBLISHED,MRSA infections,Nepal,79.01
5DD9606AMR_INFECT_MRSA,AMR_INFECT_MRSA,5DD9606,AMR_INFECT_MRSA,2020,YEAR,528,COUNTRY,PUBLISHED,MRSA infections,Netherlands (Kingdom of the),1.54
5DD9606AMR_INFECT_MRSA,AMR_INFECT_MRSA,5DD9606,AMR_INFECT_MRSA,2020,YEAR,566,COUNTRY,PUBLISHED,MRSA infections,Nigeria,75.41
5DD9606AMR_INFECT_MRSA,AMR_INFECT_MRSA,5DD9606,AMR_INFECT_MRSA,2020,YEAR,578,COUNTRY,PUBLISHED,MRSA infections,Norway,2.01
5DD9606AMR_INFECT_MRSA,AMR_INFECT_MRSA,5DD9606,AMR_INFECT_MRSA,2020,YEAR,586,COUNTRY,PUBLISHED,MRSA infections,Pakistan,69.49
5DD9606AMR_INFECT_MRSA,AMR_INFECT_MRSA,5DD9606,AMR_INFECT_MRSA,2020,YEAR,604,COUNTRY,PUBLISHED,MRSA infections,Peru,47.06
5DD9606AMR_INFECT_MRSA,AMR_INFECT_MRSA,5DD9606,AMR_INFECT_MRSA,2020,YEAR,608,COUNTRY,PUBLISHED,MRSA infections,Philippines,45.69
5DD9606AMR_INFECT_MRSA,AMR_INFECT_MRSA,5DD9606,AMR_INFECT_MRSA,2020,YEAR,616,COUNTRY,PUBLISHED,MRSA infections,Poland,14.7
5DD9606AMR_INFECT_MRSA,AMR_INFECT_MRSA,5DD9606,AMR_INFECT_MRSA,2020,YEAR,626,COUNTRY,PUBLISHED,MRSA infections,Timor-Leste,21.43
5DD9606AMR_INFECT_MRSA,AMR_INFECT_MRSA,5DD9606,AMR_INFECT_MRSA,2020,YEAR,634,COUNTRY,PUBLISHED,MRSA infections,Qatar,32.05
5DD9606AMR_INFECT_MRSA,AMR_INFECT_MRSA,5DD9606,AMR_INFECT_MRSA,2020,YEAR,643,COUNTRY,PUBLISHED,MRSA infections,Russian Federation,28.89
5DD9606AMR_INFECT_MRSA,AMR_INFECT_MRSA,5DD9606,AMR_INFECT_MRSA,2020,YEAR,682,COUNTRY,PUBLISHED,MRSA infections,Saudi Arabia,49.09
5DD9606AMR_INFECT_MRSA,AMR_INFECT_MRSA,5DD9606,AMR_INFECT_MRSA,2020,YEAR,706,COUNTRY,PUBLISHED,MRSA infections,Somalia,46.67
5DD9606AMR_INFECT_MRSA,AMR_INFECT_MRSA,5DD9606,AMR_INFECT_MRSA,2020,YEAR,710,COUNTRY,PUBLISHED,MRSA infections,South Africa,19.64
5DD9606AMR_INFECT_MRSA,AMR_INFECT_MRSA,5DD9606,AMR_INFECT_MRSA,2020,YEAR,752,COUNTRY,PUBLISHED,MRSA infections,Sweden,2.33
5DD9606AMR_INFECT_MRSA,AMR_INFECT_MRSA,5DD9606,AMR_INFECT_MRSA,2020,YEAR,756,COUNTRY,PUBLISHED,MRSA infections,Switzerland,5.12
5DD9606AMR_INFECT_MRSA,AMR_INFECT_MRSA,5DD9606,AMR_INFECT_MRSA,2020,YEAR,764,COUNTRY,PUBLISHED,MRSA infections,Thailand,10.63
5DD9606AMR_INFECT_MRSA,AMR_INFECT_MRSA,5DD9606,AMR_INFECT_MRSA,2020,YEAR,784,COUNTRY,PUBLISHED,MRSA infections,United Arab Emirates,42.52
5DD9606AMR_INFECT_MRSA,AMR_INFECT_MRSA,5DD9606,AMR_INFECT_MRSA,2020,YEAR,788,COUNTRY,PUBLISHED,MRSA infections,Tunisia,12.1
5DD9606AMR_INFECT_MRSA,AMR_INFECT_MRSA,5DD9606,AMR_INFECT_MRSA,2020,YEAR,800,COUNTRY,PUBLISHED,MRSA infections,Uganda,75.0
5DD9606AMR_INFECT_MRSA,AMR_INFECT_MRSA,5DD9606,AMR_INFECT_MRSA,2020,YEAR,804,COUNTRY,PUBLISHED,MRSA infections,Ukraine,18.07
5DD9606AMR_INFECT_MRSA,AMR_INFECT_MRSA,5DD9606,AMR_INFECT_MRSA,2020,YEAR,807,COUNTRY,PUBLISHED,MRSA infections,North Macedonia,100.0
5DD9606AMR_INFECT_MRSA,AMR_INFECT_MRSA,5DD9606,AMR_INFECT_MRSA,2020,YEAR,818,COUNTRY,PUBLISHED,MRSA infections,Egypt,100.0
5DD9606AMR_INFECT_MRSA,AMR_INFECT_MRSA,5DD9606,AMR_INFECT_MRSA,2020,YEAR,826,COUNTRY,PUBLISHED,MRSA infections,United Kingdom of Great Britain and Northern Ireland,3.89
5DD9606AMR_INFECT_MRSA,AMR_INFECT_MRSA,5DD9606,AMR_INFECT_MRSA,2020,YEAR,834,COUNTRY,PUBLISHED,MRSA infections,United Republic of Tanzania,50.21
5DD9606AMR_INFECT_MRSA,AMR_INFECT_MRSA,5DD9606,AMR_INFECT_MRSA,2020,YEAR,854,COUNTRY,PUBLISHED,MRSA infections,Burkina Faso,68.75
5DD9606AMR_INFECT_MRSA,AMR_INFECT_MRSA,5DD9606,AMR_INFECT_MRSA,2020,YEAR,894,COUNTRY,PUBLISHED,MRSA infections,Zambia,55.0
5DD9606AMR_INFECT_MRSA,AMR_INFECT_MRSA,5DD9606,AMR_INFECT_MRSA,2021,YEAR,001,GLOBAL,PUBLISHED,MRSA infections,World,32.1
5DD9606AMR_INFECT_MRSA,AMR_INFECT_MRSA,5DD9606,AMR_INFECT_MRSA,2021,YEAR,032,COUNTRY,PUBLISHED,MRSA infections,Argentina,34.33
5DD9606AMR_INFECT_MRSA,AMR_INFECT_MRSA,5DD9606,AMR_INFECT_MRSA,2021,YEAR,036,COUNTRY,PUBLISHED,MRSA infections,Australia,16.91
5DD9606AMR_INFECT_MRSA,AMR_INFECT_MRSA,5DD9606,AMR_INFECT_MRSA,2021,YEAR,040,COUNTRY,PUBLISHED,MRSA infections,Austria,3.12
5DD9606AMR_INFECT_MRSA,AMR_INFECT_MRSA,5DD9606,AMR_INFECT_MRSA,2021,YEAR,056,COUNTRY,PUBLISHED,MRSA infections,Belgium,4.2
5DD9606AMR_INFECT_MRSA,AMR_INFECT_MRSA,5DD9606,AMR_INFECT_MRSA,2021,YEAR,070,COUNTRY,PUBLISHED,MRSA infections,Bosnia and Herzegovina,20.83
5DD9606AMR_INFECT_MRSA,AMR_INFECT_MRSA,5DD9606,AMR_INFECT_MRSA,2021,YEAR,076,COUNTRY,PUBLISHED,MRSA infections,Brazil,7.0
5DD9606AMR_INFECT_MRSA,AMR_INFECT_MRSA,5DD9606,AMR_INFECT_MRSA,2021,YEAR,096,COUNTRY,PUBLISHED,MRSA infections,Brunei Darussalam,14.62
5DD9606AMR_INFECT_MRSA,AMR_INFECT_MRSA,5DD9606,AMR_INFECT_MRSA,2021,YEAR,120,COUNTRY,PUBLISHED,MRSA infections,Cameroon,45.45
5DD9606AMR_INFECT_MRSA,AMR_INFECT_MRSA,5DD9606,AMR_INFECT_MRSA,2021,YEAR,144,COUNTRY,PUBLISHED,MRSA infections,Sri Lanka,47.21
5DD9606AMR_INFECT_MRSA,AMR_INFECT_MRSA,5DD9606,AMR_INFECT_MRSA,2021,YEAR,170,COUNTRY,PUBLISHED,MRSA infections,Colombia,45.24
5DD9606AMR_INFECT_MRSA,AMR_INFECT_MRSA,5DD9606,AMR_INFECT_MRSA,2021,YEAR,180,COUNTRY,PUBLISHED,MRSA infections,Democratic Republic of the Congo,100.0
5DD9606AMR_INFECT_MRSA,AMR_INFECT_MRSA,5DD9606,AMR_INFECT_MRSA,2021,YEAR,191,COUNTRY,PUBLISHED,MRSA infections,Croatia,66.67
5DD9606AMR_INFECT_MRSA,AMR_INFECT_MRSA,5DD9606,AMR_INFECT_MRSA,2021,YEAR,196,COUNTRY,PUBLISHED,MRSA infections,Cyprus,42.94
5DD9606AMR_INFECT_MRSA,AMR_INFECT_MRSA,5DD9606,AMR_INFECT_MRSA,2021,YEAR,203,COUNTRY,PUBLISHED,MRSA infections,Czechia,9.43
5DD9606AMR_INFECT_MRSA,AMR_INFECT_MRSA,5DD9606,AMR_INFECT_MRSA,2019,YEAR,528,COUNTRY,PUBLISHED,MRSA infections,Netherlands (Kingdom of the),1.65
5DD9606AMR_INFECT_MRSA,AMR_INFECT_MRSA,5DD9606,AMR_INFECT_MRSA,2019,YEAR,578,COUNTRY,PUBLISHED,MRSA infections,Norway,1.27
5DD9606AMR_INFECT_MRSA,AMR_INFECT_MRSA,5DD9606,AMR_INFECT_MRSA,2019,YEAR,586,COUNTRY,PUBLISHED,MRSA infections,Pakistan,64.98
5DD9606AMR_INFECT_MRSA,AMR_INFECT_MRSA,5DD9606,AMR_INFECT_MRSA,2019,YEAR,608,COUNTRY,PUBLISHED,MRSA infections,Philippines,50.88
5DD9606AMR_INFECT_MRSA,AMR_INFECT_MRSA,5DD9606,AMR_INFECT_MRSA,2019,YEAR,616,COUNTRY,PUBLISHED,MRSA infections,Poland,14.94
5DD9606AMR_INFECT_MRSA,AMR_INFECT_MRSA,5DD9606,AMR_INFECT_MRSA,2019,YEAR,634,COUNTRY,PUBLISHED,MRSA infections,Qatar,33.8
5DD9606AMR_INFECT_MRSA,AMR_INFECT_MRSA,5DD9606,AMR_INFECT_MRSA,2019,YEAR,643,COUNTRY,PUBLISHED,MRSA infections,Russian Federation,26.67
5DD9606AMR_INFECT_MRSA,AMR_INFECT_MRSA,5DD9606,AMR_INFECT_MRSA,2019,YEAR,682,COUNTRY,PUBLISHED,MRSA infections,Saudi Arabia,48.94
5DD9606AMR_INFECT_MRSA,AMR_INFECT_MRSA,5DD9606,AMR_INFECT_MRSA,2019,YEAR,702,COUNTRY,PUBLISHED,MRSA infections,Singapore,28.65
5DD9606AMR_INFECT_MRSA,AMR_INFECT_MRSA,5DD9606,AMR_INFECT_MRSA,2019,YEAR,710,COUNTRY,PUBLISHED,MRSA infections,South Africa,21.35
5DD9606AMR_INFECT_MRSA,AMR_INFECT_MRSA,5DD9606,AMR_INFECT_MRSA,2019,YEAR,729,COUNTRY,PUBLISHED,MRSA infections,Sudan,48.39
5DD9606AMR_INFECT_MRSA,AMR_INFECT_MRSA,5DD9606,AMR_INFECT_MRSA,2019,YEAR,752,COUNTRY,PUBLISHED,MRSA infections,Sweden,1.8
5DD9606AMR_INFECT_MRSA,AMR_INFECT_MRSA,5DD9606,AMR_INFECT_MRSA,2019,YEAR,756,COUNTRY,PUBLISHED,MRSA infections,Switzerland,3.91
5DD9606AMR_INFECT_MRSA,AMR_INFECT_MRSA,5DD9606,AMR_INFECT_MRSA,2019,YEAR,764,COUNTRY,PUBLISHED,MRSA infections,Thailand,12.43
5DD9606AMR_INFECT_MRSA,AMR_INFECT_MRSA,5DD9606,AMR_INFECT_MRSA,2019,YEAR,784,COUNTRY,PUBLISHED,MRSA infections,United Arab Emirates,36.23
5DD9606AMR_INFECT_MRSA,AMR_INFECT_MRSA,5DD9606,AMR_INFECT_MRSA,2019,YEAR,788,COUNTRY,PUBLISHED,MRSA infections,Tunisia,17.44
5DD9606AMR_INFECT_MRSA,AMR_INFECT_MRSA,5DD9606,AMR_INFECT_MRSA,2019,YEAR,807,COUNTRY,PUBLISHED,MRSA infections,North Macedonia,45.0
5DD9606AMR_INFECT_MRSA,AMR_INFECT_MRSA,5DD9606,AMR_INFECT_MRSA,2019,YEAR,818,COUNTRY,PUBLISHED,MRSA infections,Egypt,79.59
5DD9606AMR_INFECT_MRSA,AMR_INFECT_MRSA,5DD9606,AMR_INFECT_MRSA,2019,YEAR,826,COUNTRY,PUBLISHED,MRSA infections,United Kingdom of Great Britain and Northern Ireland,10.4
5DD9606AMR_INFECT_MRSA,AMR_INFECT_MRSA,5DD9606,AMR_INFECT_MRSA,2020,YEAR,001,GLOBAL,PUBLISHED,MRSA infections,World,34.7
5DD9606AMR_INFECT_MRSA,AMR_INFECT_MRSA,5DD9606,AMR_INFECT_MRSA,2020,YEAR,032,COUNTRY,PUBLISHED,MRSA infections,Argentina,38.4
5DD9606AMR_INFECT_MRSA,AMR_INFECT_MRSA,5DD9606,AMR_INFECT_MRSA,2020,YEAR,036,COUNTRY,PUBLISHED,MRSA infections,Australia,17.65
5DD9606AMR_INFECT_MRSA,AMR_INFECT_MRSA,5DD9606,AMR_INFECT_MRSA,2020,YEAR,040,COUNTRY,PUBLISHED,MRSA infections,Austria,4.47
5DD9606AMR_INFECT_MRSA,AMR_INFECT_MRSA,5DD9606,AMR_INFECT_MRSA,2020,YEAR,048,COUNTRY,PUBLISHED,MRSA infections,Bahrain,34.39
5DD9606AMR_INFECT_MRSA,AMR_INFECT_MRSA,5DD9606,AMR_INFECT_MRSA,2020,YEAR,056,COUNTRY,PUBLISHED,MRSA infections,Belgium,6.79
5DD9606AMR_INFECT_MRSA,AMR_INFECT_MRSA,5DD9606,AMR_INFECT_MRSA,2020,YEAR,064,COUNTRY,PUBLISHED,MRSA infections,Bhutan,11.67
5DD9606AMR_INFECT_MRSA,AMR_INFECT_MRSA,5DD9606,AMR_INFECT_MRSA,2020,YEAR,070,COUNTRY,PUBLISHED,MRSA infections,Bosnia and Herzegovina,23.21
5DD9606AMR_INFECT_MRSA,AMR_INFECT_MRSA,5DD9606,AMR_INFECT_MRSA,2020,YEAR,076,COUNTRY,PUBLISHED,MRSA infections,Brazil,24.41
5DD9606AMR_INFECT_MRSA,AMR_INFECT_MRSA,5DD9606,AMR_INFECT_MRSA,2020,YEAR,096,COUNTRY,PUBLISHED,MRSA infections,Brunei Darussalam,12.47
5DD9606AMR_INFECT_MRSA,AMR_INFECT_MRSA,5DD9606,AMR_INFECT_MRSA,2020,YEAR,104,COUNTRY,PUBLISHED,MRSA infections,Myanmar,50.97
5DD9606AMR_INFECT_MRSA,AMR_INFECT_MRSA,5DD9606,AMR_INFECT_MRSA,2020,YEAR,116,COUNTRY,PUBLISHED,MRSA infections,Cambodia,68.09
5DD9606AMR_INFECT_MRSA,AMR_INFECT_MRSA,5DD9606,AMR_INFECT_MRSA,2020,YEAR,144,COUNTRY,PUBLISHED,MRSA infections,Sri Lanka,53.29
5DD9606AMR_INFECT_MRSA,AMR_INFECT_MRSA,5DD9606,AMR_INFECT_MRSA,2020,YEAR,191,COUNTRY,PUBLISHED,MRSA infections,Croatia,50.0
5DD9606AMR_INFECT_MRSA,AMR_INFECT_MRSA,5DD9606,AMR_INFECT_MRSA,2020,YEAR,196,COUNTRY,PUBLISHED,MRSA infections,Cyprus,49.52
5DD9606AMR_INFECT_MRSA,AMR_INFECT_MRSA,5DD9606,AMR_INFECT_MRSA,2020,YEAR,203,COUNTRY,PUBLISHED,MRSA infections,Czechia,9.33
5DD9606AMR_INFECT_MRSA,AMR_INFECT_MRSA,5DD9606,AMR_INFECT_MRSA,2020,YEAR,208,COUNTRY,PUBLISHED,MRSA infections,Denmark,1.94
5DD9606AMR_INFECT_MRSA,AMR_INFECT_MRSA,5DD9606,AMR_INFECT_MRSA,2020,YEAR,231,COUNTRY,PUBLISHED,MRSA infections,Ethiopia,39.29
5DD9606AMR_INFECT_MRSA,AMR_INFECT_MRSA,5DD9606,AMR_INFECT_MRSA,2020,YEAR,246,COUNTRY,PUBLISHED,MRSA infections,Finland,1.19
5DD9606AMR_INFECT_MRSA,AMR_INFECT_MRSA,5DD9606,AMR_INFECT_MRSA,2020,YEAR,250,COUNTRY,PUBLISHED,MRSA infections,France,12.08
5DD9606AMR_INFECT_MRSA,AMR_INFECT_MRSA,5DD9606,AMR_INFECT_MRSA,2020,YEAR,262,COUNTRY,PUBLISHED,MRSA infections,Djibouti,0.0
5DD9606AMR_INFECT_MRSA,AMR_INFECT_MRSA,5DD9606,AMR_INFECT_MRSA,2020,YEAR,268,COUNTRY,PUBLISHED,MRSA infections,Georgia,20.14
5DD9606AMR_INFECT_MRSA,AMR_INFECT_MRSA,5DD9606,AMR_INFECT_MRSA,2020,YEAR,275,NATIONAL LIBERATION MOVEMENT,PUBLISHED,MRSA infections,"occupied Palestinian territory, including east Jerusalem",89.49
5DD9606AMR_INFECT_MRSA,AMR_INFECT_MRSA,5DD9606,AMR_INFECT_MRSA,2020,YEAR,276,COUNTRY,PUBLISHED,MRSA infections,Germany,5.58
5DD9606AMR_INFECT_MRSA,AMR_INFECT_MRSA,5DD9606,AMR_INFECT_MRSA,2020,YEAR,300,COUNTRY,PUBLISHED,MRSA infections,Greece,41.16
5DD9606AMR_INFECT_MRSA,AMR_INFECT_MRSA,5DD9606,AMR_INFECT_MRSA,2020,YEAR,356,COUNTRY,PUBLISHED,MRSA infections,India,64.66
5DD9606AMR_INFECT_MRSA,AMR_INFECT_MRSA,5DD9606,AMR_INFECT_MRSA,2020,YEAR,360,COUNTRY,PUBLISHED,MRSA infections,Indonesia,36.24
5DD9606AMR_INFECT_MRSA,AMR_INFECT_MRSA,5DD9606,AMR_INFECT_MRSA,2020,YEAR,364,COUNTRY,PUBLISHED,MRSA infections,Iran (Islamic Republic of),44.06
5DD9606AMR_INFECT_MRSA,AMR_INFECT_MRSA,5DD9606,AMR_INFECT_MRSA,2020,YEAR,368,COUNTRY,PUBLISHED,MRSA infections,Iraq,86.36
5DD9606AMR_INFECT_MRSA,AMR_INFECT_MRSA,5DD9606,AMR_INFECT_MRSA,2020,YEAR,372,COUNTRY,PUBLISHED,MRSA infections,Ireland,13.99
5DD9606AMR_INFECT_MRSA,AMR_INFECT_MRSA,5DD9606,AMR_INFECT_MRSA,2020,YEAR,380,COUNTRY,PUBLISHED,MRSA infections,Italy,36.55
5DD9606AMR_INFECT_MRSA,AMR_INFECT_MRSA,5DD9606,AMR_INFECT_MRSA,2020,YEAR,384,COUNTRY,PUBLISHED,MRSA infections,Côte d'Ivoire,71.53
5DD9606AMR_INFECT_MRSA,AMR_INFECT_MRSA,5DD9606,AMR_INFECT_MRSA,2020,YEAR,392,COUNTRY,PUBLISHED,MRSA infections,Japan,35.86
5DD9606AMR_INFECT_MRSA,AMR_INFECT_MRSA,5DD9606,AMR_INFECT_MRSA,2020,YEAR,400,COUNTRY,PUBLISHED,MRSA infections,Jordan,58.39
5DD9606AMR_INFECT_MRSA,AMR_INFECT_MRSA,5DD9606,AMR_INFECT_MRSA,2020,YEAR,410,COUNTRY,PUBLISHED,MRSA infections,Republic of Korea,47.55
5DD9606AMR_INFECT_MRSA,AMR_INFECT_MRSA,5DD9606,AMR_INFECT_MRSA,2020,YEAR,412,COUNTRY,PUBLISHED,MRSA infections,Kosovo (in accordance with UN Security Council resolution 1244 (1999)),64.29
5DD9606AMR_INFECT_MRSA,AMR_INFECT_MRSA,5DD9606,AMR_INFECT_MRSA,2020,YEAR,414,COUNTRY,PUBLISHED,MRSA infections,Kuwait,43.55
