Source	Population	Allele	Alleles Observed	Alleles Total	Frequency
UKBB	African American/Afro-Caribbean	Reference	3850	3852	0.999481
UKBB	All populations	Reference	399892	400088	0.999510
UKBB	Central/South Asian	Reference	6919	6920	0.999856
UKBB	East Asian	Reference	1274	1274	1.000000
UKBB	European	Reference	375134	375320	0.999504
UKBB	Other	Reference	10248	10252	0.999610
UKBB	Sub-Saharan African	Reference	2467	2470	0.998785
UKBB	African American/Afro-Caribbean	c.103T>C	0	3852	0
UKBB	All populations	c.103T>C	0	400088	0
UKBB	Central/South Asian	c.103T>C	0	6920	0
UKBB	East Asian	c.103T>C	0	1274	0
UKBB	European	c.103T>C	0	375320	0
UKBB	Other	c.103T>C	0	10252	0
UKBB	Sub-Saharan African	c.103T>C	0	2470	0
UKBB	African American/Afro-Caribbean	c.130C>T	0	3852	0
UKBB	All populations	c.130C>T	0	400088	0
UKBB	Central/South Asian	c.130C>T	0	6920	0
UKBB	East Asian	c.130C>T	0	1274	0
UKBB	European	c.130C>T	0	375320	0
UKBB	Other	c.130C>T	0	10252	0
UKBB	Sub-Saharan African	c.130C>T	0	2470	0
UKBB	African American/Afro-Caribbean	c.487C>T	0	3852	0
UKBB	All populations	c.487C>T	1	400088	0.000002
UKBB	Central/South Asian	c.487C>T	0	6920	0
UKBB	East Asian	c.487C>T	0	1274	0
UKBB	European	c.487C>T	1	375320	0.000003
UKBB	Other	c.487C>T	0	10252	0
UKBB	Sub-Saharan African	c.487C>T	0	2470	0
UKBB	African American/Afro-Caribbean	c.488G>T	0	3852	0
UKBB	All populations	c.488G>T	0	400088	0
UKBB	Central/South Asian	c.488G>T	0	6920	0
UKBB	East Asian	c.488G>T	0	1274	0
UKBB	European	c.488G>T	0	375320	0
UKBB	Other	c.488G>T	0	10252	0
UKBB	Sub-Saharan African	c.488G>T	0	2470	0
UKBB	African American/Afro-Caribbean	c.742G>A	0	3852	0
UKBB	All populations	c.742G>A	2	400088	0.000005
UKBB	Central/South Asian	c.742G>A	0	6920	0
UKBB	East Asian	c.742G>A	0	1274	0
UKBB	European	c.742G>A	2	375320	0.000005
UKBB	Other	c.742G>A	0	10252	0
UKBB	Sub-Saharan African	c.742G>A	0	2470	0
UKBB	African American/Afro-Caribbean	c.742G>C	0	3852	0
UKBB	All populations	c.742G>C	2	400088	0.000005
UKBB	Central/South Asian	c.742G>C	0	6920	0
UKBB	East Asian	c.742G>C	0	1274	0
UKBB	European	c.742G>C	2	375320	0.000005
UKBB	Other	c.742G>C	0	10252	0
UKBB	Sub-Saharan African	c.742G>C	0	2470	0
UKBB	African American/Afro-Caribbean	c.982C>T	0	3852	0
UKBB	All populations	c.982C>T	1	400088	0.000002
UKBB	Central/South Asian	c.982C>T	0	6920	0
UKBB	East Asian	c.982C>T	0	1274	0
UKBB	European	c.982C>T	1	375320	0.000003
UKBB	Other	c.982C>T	0	10252	0
UKBB	Sub-Saharan African	c.982C>T	0	2470	0
UKBB	African American/Afro-Caribbean	c.1021G>A	0	3852	0
UKBB	All populations	c.1021G>A	0	400088	0
UKBB	Central/South Asian	c.1021G>A	0	6920	0
UKBB	East Asian	c.1021G>A	0	1274	0
UKBB	European	c.1021G>A	0	375320	0
UKBB	Other	c.1021G>A	0	10252	0
UKBB	Sub-Saharan African	c.1021G>A	0	2470	0
UKBB	African American/Afro-Caribbean	c.1021G>C	0	3852	0
UKBB	All populations	c.1021G>C	0	400088	0
UKBB	Central/South Asian	c.1021G>C	0	6920	0
UKBB	East Asian	c.1021G>C	0	1274	0
UKBB	European	c.1021G>C	0	375320	0
UKBB	Other	c.1021G>C	0	10252	0
UKBB	Sub-Saharan African	c.1021G>C	0	2470	0
UKBB	African American/Afro-Caribbean	c.1201C>T	0	3852	0
UKBB	All populations	c.1201C>T	1	400088	0.000002
UKBB	Central/South Asian	c.1201C>T	0	6920	0
UKBB	East Asian	c.1201C>T	0	1274	0
UKBB	European	c.1201C>T	1	375320	0.000003
UKBB	Other	c.1201C>T	0	10252	0
UKBB	Sub-Saharan African	c.1201C>T	0	2470	0
UKBB	African American/Afro-Caribbean	c.1209C>G	0	3852	0
UKBB	All populations	c.1209C>G	0	400088	0
UKBB	Central/South Asian	c.1209C>G	0	6920	0
UKBB	East Asian	c.1209C>G	0	1274	0
UKBB	European	c.1209C>G	0	375320	0
UKBB	Other	c.1209C>G	0	10252	0
UKBB	Sub-Saharan African	c.1209C>G	0	2470	0
UKBB	African American/Afro-Caribbean	c.1565A>C	0	3852	0
UKBB	All populations	c.1565A>C	0	400088	0
UKBB	Central/South Asian	c.1565A>C	0	6920	0
UKBB	East Asian	c.1565A>C	0	1274	0
UKBB	European	c.1565A>C	0	375320	0
UKBB	Other	c.1565A>C	0	10252	0
UKBB	Sub-Saharan African	c.1565A>C	0	2470	0
UKBB	African American/Afro-Caribbean	c.1589G>A	1	3852	0.000260
UKBB	All populations	c.1589G>A	6	400088	0.000015
UKBB	Central/South Asian	c.1589G>A	0	6920	0
UKBB	East Asian	c.1589G>A	0	1274	0
UKBB	European	c.1589G>A	5	375320	0.000013
UKBB	Other	c.1589G>A	0	10252	0
UKBB	Sub-Saharan African	c.1589G>A	0	2470	0
UKBB	African American/Afro-Caribbean	c.1597C>T	0	3852	0
UKBB	All populations	c.1597C>T	3	400088	0.000007
UKBB	Central/South Asian	c.1597C>T	0	6920	0
UKBB	East Asian	c.1597C>T	0	1274	0
UKBB	European	c.1597C>T	3	375320	0.000008
UKBB	Other	c.1597C>T	0	10252	0
UKBB	Sub-Saharan African	c.1597C>T	0	2470	0
UKBB	African American/Afro-Caribbean	c.1598G>A	0	3852	0
UKBB	All populations	c.1598G>A	38	400088	0.000095
UKBB	Central/South Asian	c.1598G>A	1	6920	0.000145
UKBB	East Asian	c.1598G>A	0	1274	0
UKBB	European	c.1598G>A	31	375320	0.000083
UKBB	Other	c.1598G>A	3	10252	0.000293
UKBB	Sub-Saharan African	c.1598G>A	3	2470	0.001215
UKBB	African American/Afro-Caribbean	c.1654C>T	0	3852	0
UKBB	All populations	c.1654C>T	0	400088	0
UKBB	Central/South Asian	c.1654C>T	0	6920	0
UKBB	East Asian	c.1654C>T	0	1274	0
UKBB	European	c.1654C>T	0	375320	0
UKBB	Other	c.1654C>T	0	10252	0
UKBB	Sub-Saharan African	c.1654C>T	0	2470	0
UKBB	African American/Afro-Caribbean	c.1840C>T	0	3852	0
UKBB	All populations	c.1840C>T	23	400088	0.000057
UKBB	Central/South Asian	c.1840C>T	0	6920	0
UKBB	East Asian	c.1840C>T	0	1274	0
UKBB	European	c.1840C>T	23	375320	0.000061
UKBB	Other	c.1840C>T	0	10252	0
UKBB	Sub-Saharan African	c.1840C>T	0	2470	0
UKBB	African American/Afro-Caribbean	c.1841G>T	0	3852	0
UKBB	All populations	c.1841G>T	0	400088	0
UKBB	Central/South Asian	c.1841G>T	0	6920	0
UKBB	East Asian	c.1841G>T	0	1274	0
UKBB	European	c.1841G>T	0	375320	0
UKBB	Other	c.1841G>T	0	10252	0
UKBB	Sub-Saharan African	c.1841G>T	0	2470	0
UKBB	African American/Afro-Caribbean	c.6487C>T	0	3852	0
UKBB	All populations	c.6487C>T	0	400088	0
UKBB	Central/South Asian	c.6487C>T	0	6920	0
UKBB	East Asian	c.6487C>T	0	1274	0
UKBB	European	c.6487C>T	0	375320	0
UKBB	Other	c.6487C>T	0	10252	0
UKBB	Sub-Saharan African	c.6487C>T	0	2470	0
UKBB	African American/Afro-Caribbean	c.6488G>A	0	3852	0
UKBB	All populations	c.6488G>A	1	400088	0.000002
UKBB	Central/South Asian	c.6488G>A	0	6920	0
UKBB	East Asian	c.6488G>A	0	1274	0
UKBB	European	c.6488G>A	1	375320	0.000003
UKBB	Other	c.6488G>A	0	10252	0
UKBB	Sub-Saharan African	c.6488G>A	0	2470	0
UKBB	African American/Afro-Caribbean	c.6502G>A	0	3852	0
UKBB	All populations	c.6502G>A	3	400088	0.000007
UKBB	Central/South Asian	c.6502G>A	0	6920	0
UKBB	East Asian	c.6502G>A	0	1274	0
UKBB	European	c.6502G>A	3	375320	0.000008
UKBB	Other	c.6502G>A	0	10252	0
UKBB	Sub-Saharan African	c.6502G>A	0	2470	0
UKBB	African American/Afro-Caribbean	c.6617C>G	0	3852	0
UKBB	All populations	c.6617C>G	0	400088	0
UKBB	Central/South Asian	c.6617C>G	0	6920	0
UKBB	East Asian	c.6617C>G	0	1274	0
UKBB	European	c.6617C>G	0	375320	0
UKBB	Other	c.6617C>G	0	10252	0
UKBB	Sub-Saharan African	c.6617C>G	0	2470	0
UKBB	African American/Afro-Caribbean	c.6617C>T	0	3852	0
UKBB	All populations	c.6617C>T	7	400088	0.000017
UKBB	Central/South Asian	c.6617C>T	0	6920	0
UKBB	East Asian	c.6617C>T	0	1274	0
UKBB	European	c.6617C>T	7	375320	0.000019
UKBB	Other	c.6617C>T	0	10252	0
UKBB	Sub-Saharan African	c.6617C>T	0	2470	0
UKBB	African American/Afro-Caribbean	c.7007G>A	0	3852	0
UKBB	All populations	c.7007G>A	0	400088	0
UKBB	Central/South Asian	c.7007G>A	0	6920	0
UKBB	East Asian	c.7007G>A	0	1274	0
UKBB	European	c.7007G>A	0	375320	0
UKBB	Other	c.7007G>A	0	10252	0
UKBB	Sub-Saharan African	c.7007G>A	0	2470	0
UKBB	African American/Afro-Caribbean	c.7042_7044delGAG	0	3852	0
UKBB	All populations	c.7042_7044delGAG	0	400088	0
UKBB	Central/South Asian	c.7042_7044delGAG	0	6920	0
UKBB	East Asian	c.7042_7044delGAG	0	1274	0
UKBB	European	c.7042_7044delGAG	0	375320	0
UKBB	Other	c.7042_7044delGAG	0	10252	0
UKBB	Sub-Saharan African	c.7042_7044delGAG	0	2470	0
UKBB	African American/Afro-Caribbean	c.7048G>A	0	3852	0
UKBB	All populations	c.7048G>A	1	400088	0.000002
UKBB	Central/South Asian	c.7048G>A	0	6920	0
UKBB	East Asian	c.7048G>A	0	1274	0
UKBB	European	c.7048G>A	1	375320	0.000003
UKBB	Other	c.7048G>A	0	10252	0
UKBB	Sub-Saharan African	c.7048G>A	0	2470	0
UKBB	African American/Afro-Caribbean	c.7063C>T	0	3852	0
UKBB	All populations	c.7063C>T	5	400088	0.000012
UKBB	Central/South Asian	c.7063C>T	0	6920	0
UKBB	East Asian	c.7063C>T	0	1274	0
UKBB	European	c.7063C>T	5	375320	0.000013
UKBB	Other	c.7063C>T	0	10252	0
UKBB	Sub-Saharan African	c.7063C>T	0	2470	0
UKBB	African American/Afro-Caribbean	c.7124G>C	0	3852	0
UKBB	All populations	c.7124G>C	0	400088	0
UKBB	Central/South Asian	c.7124G>C	0	6920	0
UKBB	East Asian	c.7124G>C	0	1274	0
UKBB	European	c.7124G>C	0	375320	0
UKBB	Other	c.7124G>C	0	10252	0
UKBB	Sub-Saharan African	c.7124G>C	0	2470	0
UKBB	African American/Afro-Caribbean	c.7282G>A	0	3852	0
UKBB	All populations	c.7282G>A	4	400088	0.000010
UKBB	Central/South Asian	c.7282G>A	0	6920	0
UKBB	East Asian	c.7282G>A	0	1274	0
UKBB	European	c.7282G>A	3	375320	0.000008
UKBB	Other	c.7282G>A	1	10252	0.000098
UKBB	Sub-Saharan African	c.7282G>A	0	2470	0
UKBB	African American/Afro-Caribbean	c.7300G>A	0	3852	0
UKBB	All populations	c.7300G>A	60	400088	0.000150
UKBB	Central/South Asian	c.7300G>A	0	6920	0
UKBB	East Asian	c.7300G>A	0	1274	0
UKBB	European	c.7300G>A	60	375320	0.000160
UKBB	Other	c.7300G>A	0	10252	0
UKBB	Sub-Saharan African	c.7300G>A	0	2470	0
UKBB	African American/Afro-Caribbean	c.7304G>A	0	3852	0
UKBB	All populations	c.7304G>A	0	400088	0
UKBB	Central/South Asian	c.7304G>A	0	6920	0
UKBB	East Asian	c.7304G>A	0	1274	0
UKBB	European	c.7304G>A	0	375320	0
UKBB	Other	c.7304G>A	0	10252	0
UKBB	Sub-Saharan African	c.7304G>A	0	2470	0
UKBB	African American/Afro-Caribbean	c.7354C>T	0	3852	0
UKBB	All populations	c.7354C>T	0	400088	0
UKBB	Central/South Asian	c.7354C>T	0	6920	0
UKBB	East Asian	c.7354C>T	0	1274	0
UKBB	European	c.7354C>T	0	375320	0
UKBB	Other	c.7354C>T	0	10252	0
UKBB	Sub-Saharan African	c.7354C>T	0	2470	0
UKBB	African American/Afro-Caribbean	c.7360C>T	0	3852	0
UKBB	All populations	c.7360C>T	2	400088	0.000005
UKBB	Central/South Asian	c.7360C>T	0	6920	0
UKBB	East Asian	c.7360C>T	0	1274	0
UKBB	European	c.7360C>T	2	375320	0.000005
UKBB	Other	c.7360C>T	0	10252	0
UKBB	Sub-Saharan African	c.7360C>T	0	2470	0
UKBB	African American/Afro-Caribbean	c.7361G>A	0	3852	0
UKBB	All populations	c.7361G>A	0	400088	0
UKBB	Central/South Asian	c.7361G>A	0	6920	0
UKBB	East Asian	c.7361G>A	0	1274	0
UKBB	European	c.7361G>A	0	375320	0
UKBB	Other	c.7361G>A	0	10252	0
UKBB	Sub-Saharan African	c.7361G>A	0	2470	0
UKBB	African American/Afro-Caribbean	c.7372C>T	0	3852	0
UKBB	All populations	c.7372C>T	2	400088	0.000005
UKBB	Central/South Asian	c.7372C>T	0	6920	0
UKBB	East Asian	c.7372C>T	0	1274	0
UKBB	European	c.7372C>T	2	375320	0.000005
UKBB	Other	c.7372C>T	0	10252	0
UKBB	Sub-Saharan African	c.7372C>T	0	2470	0
UKBB	African American/Afro-Caribbean	c.7373G>A	0	3852	0
UKBB	All populations	c.7373G>A	2	400088	0.000005
UKBB	Central/South Asian	c.7373G>A	0	6920	0
UKBB	East Asian	c.7373G>A	0	1274	0
UKBB	European	c.7373G>A	2	375320	0.000005
UKBB	Other	c.7373G>A	0	10252	0
UKBB	Sub-Saharan African	c.7373G>A	0	2470	0
UKBB	African American/Afro-Caribbean	c.7522C>G	0	3852	0
UKBB	All populations	c.7522C>G	0	400088	0
UKBB	Central/South Asian	c.7522C>G	0	6920	0
UKBB	East Asian	c.7522C>G	0	1274	0
UKBB	European	c.7522C>G	0	375320	0
UKBB	Other	c.7522C>G	0	10252	0
UKBB	Sub-Saharan African	c.7522C>G	0	2470	0
UKBB	African American/Afro-Caribbean	c.7522C>T	0	3852	0
UKBB	All populations	c.7522C>T	0	400088	0
UKBB	Central/South Asian	c.7522C>T	0	6920	0
UKBB	East Asian	c.7522C>T	0	1274	0
UKBB	European	c.7522C>T	0	375320	0
UKBB	Other	c.7522C>T	0	10252	0
UKBB	Sub-Saharan African	c.7522C>T	0	2470	0
UKBB	African American/Afro-Caribbean	c.7523G>A	0	3852	0
UKBB	All populations	c.7523G>A	0	400088	0
UKBB	Central/South Asian	c.7523G>A	0	6920	0
UKBB	East Asian	c.7523G>A	0	1274	0
UKBB	European	c.7523G>A	0	375320	0
UKBB	Other	c.7523G>A	0	10252	0
UKBB	Sub-Saharan African	c.7523G>A	0	2470	0
UKBB	African American/Afro-Caribbean	c.9310G>A	0	3852	0
UKBB	All populations	c.9310G>A	3	400088	0.000007
UKBB	Central/South Asian	c.9310G>A	0	6920	0
UKBB	East Asian	c.9310G>A	0	1274	0
UKBB	European	c.9310G>A	3	375320	0.000008
UKBB	Other	c.9310G>A	0	10252	0
UKBB	Sub-Saharan African	c.9310G>A	0	2470	0
UKBB	African American/Afro-Caribbean	c.11969G>T	0	3852	0
UKBB	All populations	c.11969G>T	2	400088	0.000005
UKBB	Central/South Asian	c.11969G>T	0	6920	0
UKBB	East Asian	c.11969G>T	0	1274	0
UKBB	European	c.11969G>T	2	375320	0.000005
UKBB	Other	c.11969G>T	0	10252	0
UKBB	Sub-Saharan African	c.11969G>T	0	2470	0
UKBB	African American/Afro-Caribbean	c.14387A>G	0	3852	0
UKBB	All populations	c.14387A>G	0	400088	0
UKBB	Central/South Asian	c.14387A>G	0	6920	0
UKBB	East Asian	c.14387A>G	0	1274	0
UKBB	European	c.14387A>G	0	375320	0
UKBB	Other	c.14387A>G	0	10252	0
UKBB	Sub-Saharan African	c.14387A>G	0	2470	0
UKBB	African American/Afro-Caribbean	c.14477C>T	0	3852	0
UKBB	All populations	c.14477C>T	0	400088	0
UKBB	Central/South Asian	c.14477C>T	0	6920	0
UKBB	East Asian	c.14477C>T	0	1274	0
UKBB	European	c.14477C>T	0	375320	0
UKBB	Other	c.14477C>T	0	10252	0
UKBB	Sub-Saharan African	c.14477C>T	0	2470	0
UKBB	African American/Afro-Caribbean	c.14497C>T	0	3852	0
UKBB	All populations	c.14497C>T	0	400088	0
UKBB	Central/South Asian	c.14497C>T	0	6920	0
UKBB	East Asian	c.14497C>T	0	1274	0
UKBB	European	c.14497C>T	0	375320	0
UKBB	Other	c.14497C>T	0	10252	0
UKBB	Sub-Saharan African	c.14497C>T	0	2470	0
UKBB	African American/Afro-Caribbean	c.14512C>G	0	3852	0
UKBB	All populations	c.14512C>G	0	400088	0
UKBB	Central/South Asian	c.14512C>G	0	6920	0
UKBB	East Asian	c.14512C>G	0	1274	0
UKBB	European	c.14512C>G	0	375320	0
UKBB	Other	c.14512C>G	0	10252	0
UKBB	Sub-Saharan African	c.14512C>G	0	2470	0
UKBB	African American/Afro-Caribbean	c.14545G>A	0	3852	0
UKBB	All populations	c.14545G>A	10	400088	0.000025
UKBB	Central/South Asian	c.14545G>A	0	6920	0
UKBB	East Asian	c.14545G>A	0	1274	0
UKBB	European	c.14545G>A	10	375320	0.000027
UKBB	Other	c.14545G>A	0	10252	0
UKBB	Sub-Saharan African	c.14545G>A	0	2470	0
UKBB	African American/Afro-Caribbean	c.14582G>A	0	3852	0
UKBB	All populations	c.14582G>A	1	400088	0.000002
UKBB	Central/South Asian	c.14582G>A	0	6920	0
UKBB	East Asian	c.14582G>A	0	1274	0
UKBB	European	c.14582G>A	1	375320	0.000003
UKBB	Other	c.14582G>A	0	10252	0
UKBB	Sub-Saharan African	c.14582G>A	0	2470	0
UKBB	African American/Afro-Caribbean	c.14693T>C	0	3852	0
UKBB	All populations	c.14693T>C	0	400088	0
UKBB	Central/South Asian	c.14693T>C	0	6920	0
UKBB	East Asian	c.14693T>C	0	1274	0
UKBB	European	c.14693T>C	0	375320	0
UKBB	Other	c.14693T>C	0	10252	0
UKBB	Sub-Saharan African	c.14693T>C	0	2470	0
